,LHS,RHS,antecedent support,consequent support,support,confidence,lift,leverage,conviction,node
0,1113012A,1113031A,0.0016544757924068269,0.003221873911529084,0.00034831069313827936,0.2105263157894737,65.34281650071124,0.0003429801807454674,1.2625856263787298,"('1113012A', '1113031A')"
1,1113031A,1113012A,0.003221873911529084,0.0016544757924068269,0.00034831069313827936,0.10810810810810811,65.34281650071124,0.0003429801807454674,1.1193571028994227,"('1113031A', '1113012A')"
2,1113089A,1113031A,0.0006095437129919888,0.003221873911529084,0.00017415534656913968,0.28571428571428575,88.67953667953668,0.0001721914735823142,1.3954893765238594,"('1113089A', '1113031A')"
3,1113031A,1113089A,0.003221873911529084,0.0006095437129919888,0.00017415534656913968,0.05405405405405406,88.67953667953668,0.0001721914735823142,1.0564984823605514,"('1113031A', '1113089A')"
4,1113094A,1113031A,0.002002786485545106,0.003221873911529084,0.0004353883664228492,0.2173913043478261,67.47356051703878,0.00042893564089470837,1.2736609388908242,"('1113094A', '1113031A')"
5,1113031A,1113094A,0.003221873911529084,0.002002786485545106,0.0004353883664228492,0.13513513513513514,67.47356051703878,0.00042893564089470837,1.1539342781260884,"('1113031A', '1113094A')"
6,1113133A,1113031A,0.0012190874259839777,0.003221873911529084,0.00017415534656913968,0.14285714285714288,44.33976833976834,0.00017022760059548877,1.1629078137698827,"('1113133A', '1113031A')"
7,1113031A,1113133A,0.003221873911529084,0.0012190874259839777,0.00017415534656913968,0.05405405405405406,44.33976833976834,0.00017022760059548877,1.0558541075782455,"('1113031A', '1113133A')"
8,1113135A,1113031A,0.0020898641588296763,0.003221873911529084,0.00026123301985370953,0.125,38.7972972972973,0.00025449974104173654,1.1391750012439668,"('1113135A', '1113031A')"
9,1113031A,1113135A,0.003221873911529084,0.0020898641588296763,0.00026123301985370953,0.08108108108108109,38.7972972972973,0.00025449974104173654,1.085961030180097,"('1113031A', '1113135A')"
10,3614109A,1113031A,0.004702194357366771,0.003221873911529084,0.00017415534656913968,0.037037037037037035,11.495495495495494,0.00015900546924220042,1.0351157463226428,"('3614109A', '1113031A')"
11,1113031A,3614109A,0.003221873911529084,0.004702194357366771,0.00017415534656913968,0.05405405405405406,11.495495495495495,0.00015900546924220042,1.0521719659650695,"('1113031A', '3614109A')"
12,1113094A,1113133A,0.002002786485545106,0.0012190874259839777,0.00017415534656913968,0.08695652173913045,71.32919254658387,0.000171713774747681,1.093902904247732,"('1113094A', '1113133A')"
13,1113133A,1113094A,0.0012190874259839777,0.002002786485545106,0.00017415534656913968,0.14285714285714288,71.32919254658387,0.000171713774747681,1.1643300824335308,"('1113133A', '1113094A')"
14,1113094A,1113135A,0.002002786485545106,0.0020898641588296763,0.00017415534656913968,0.08695652173913045,41.608695652173914,0.0001699697948752105,1.0929491963974722,"('1113094A', '1113135A')"
15,1113135A,1113094A,0.0020898641588296763,0.002002786485545106,0.00017415534656913968,0.08333333333333333,41.608695652173914,0.0001699697948752105,1.0887242329248599,"('1113135A', '1113094A')"
16,1113133A,1113135A,0.0012190874259839777,0.0020898641588296763,0.00017415534656913968,0.14285714285714288,68.35714285714286,0.00017160761945109583,1.1642284918146988,"('1113133A', '1113135A')"
17,1113135A,1113133A,0.0020898641588296763,0.0012190874259839777,0.00017415534656913968,0.08333333333333333,68.35714285714286,0.00017160761945109583,1.089579177353472,"('1113135A', '1113133A')"
18,1113134A,1113135A,0.0012190874259839777,0.0020898641588296763,0.00017415534656913968,0.14285714285714288,68.35714285714286,0.00017160761945109583,1.1642284918146988,"('1113134A', '1113135A')"
19,1113135A,1113134A,0.0020898641588296763,0.0012190874259839777,0.00017415534656913968,0.08333333333333333,68.35714285714286,0.00017160761945109583,1.089579177353472,"('1113135A', '1113134A')"
20,1141042A,1141071A,0.0025252525252525255,0.003744339951236503,0.00017415534656913968,0.06896551724137931,18.41860465116279,0.00016469994265187578,1.0700523756079312,"('1141042A', '1141071A')"
21,1141071A,1141042A,0.003744339951236503,0.0025252525252525255,0.00017415534656913968,0.046511627906976744,18.418604651162788,0.00016469994265187578,1.0461320522296131,"('1141071A', '1141042A')"
22,1141042A,1141072A,0.0025252525252525255,0.0024381748519679554,0.00017415534656913968,0.06896551724137931,28.285714285714285,0.0001679983393672004,1.071455293677516,"('1141042A', '1141072A')"
23,1141072A,1141042A,0.0024381748519679554,0.0025252525252525255,0.00017415534656913968,0.07142857142857144,28.28571428571429,0.0001679983393672004,1.0742035742035743,"('1141072A', '1141042A')"
24,1141047A,1141048A,0.0019157088122605363,0.0008707767328456984,0.00017415534656913968,0.09090909090909091,104.4,0.00017248719190851575,1.0990421455938697,"('1141047A', '1141048A')"
25,1141048A,1141047A,0.0008707767328456984,0.0019157088122605363,0.00017415534656913968,0.2,104.4,0.00017248719190851575,1.2476053639846743,"('1141048A', '1141047A')"
26,1141071A,1141047A,0.003744339951236503,0.0019157088122605363,0.00017415534656913968,0.046511627906976744,24.27906976744186,0.00016698228152845672,1.0467713297822634,"('1141071A', '1141047A')"
27,1141047A,1141071A,0.0019157088122605363,0.003744339951236503,0.00017415534656913968,0.09090909090909091,24.27906976744186,0.00016698228152845672,1.09588122605364,"('1141047A', '1141071A')"
28,1141070A,1141069A,0.002612330198537095,0.0019157088122605363,0.0005224660397074191,0.2,104.4,0.0005174615757255472,1.2476053639846743,"('1141070A', '1141069A')"
29,1141069A,1141070A,0.0019157088122605363,0.002612330198537095,0.0005224660397074191,0.27272727272727276,104.4,0.0005174615757255472,1.3714080459770115,"('1141069A', '1141070A')"
30,1141072A,1141069A,0.0024381748519679554,0.0019157088122605363,0.0004353883664228492,0.17857142857142858,93.21428571428572,0.00043071753337310214,1.2150591370981176,"('1141072A', '1141069A')"
31,1141069A,1141072A,0.0019157088122605363,0.0024381748519679554,0.0004353883664228492,0.2272727272727273,93.21428571428572,0.00043071753337310214,1.290962361956277,"('1141069A', '1141072A')"
32,1141069A,1141075A,0.0019157088122605363,0.0019157088122605363,0.00034831069313827936,0.18181818181818182,94.90909090909092,0.00034464075288490666,1.2198808003405706,"('1141069A', '1141075A')"
33,1141075A,1141069A,0.0019157088122605363,0.0019157088122605363,0.00034831069313827936,0.18181818181818182,94.90909090909092,0.00034464075288490666,1.2198808003405706,"('1141075A', '1141069A')"
34,1141070A,1141072A,0.002612330198537095,0.0024381748519679554,0.0004353883664228492,0.16666666666666666,68.35714285714286,0.0004290190486277396,1.1970741901776385,"('1141070A', '1141072A')"
35,1141072A,1141070A,0.0024381748519679554,0.002612330198537095,0.0004353883664228492,0.17857142857142858,68.35714285714286,0.0004290190486277396,1.2142110762800418,"('1141072A', '1141070A')"
36,1141070A,1141075A,0.002612330198537095,0.0019157088122605363,0.00026123301985370953,0.1,52.2,0.0002562285558718377,1.108982545764155,"('1141070A', '1141075A')"
37,1141075A,1141070A,0.0019157088122605363,0.002612330198537095,0.00026123301985370953,0.13636363636363638,52.2,0.0002562285558718377,1.1548699334543253,"('1141075A', '1141070A')"
38,1141074A,1141075A,0.0014803204458376871,0.0019157088122605363,0.00017415534656913968,0.11764705882352942,61.41176470588236,0.000171319483646079,1.131162196679438,"('1141074A', '1141075A')"
39,1141075A,1141074A,0.0019157088122605363,0.0014803204458376871,0.00017415534656913968,0.09090909090909091,61.41176470588236,0.000171319483646079,1.0983716475095786,"('1141075A', '1141074A')"
40,1141319A,1141320A,0.0013932427725531174,0.0009578544061302681,0.00026123301985370953,0.1875,195.75,0.00025989849612521036,1.2295903330386089,"('1141319A', '1141320A')"
41,1141320A,1141319A,0.0009578544061302681,0.0013932427725531174,0.00026123301985370953,0.27272727272727276,195.75000000000003,0.00025989849612521036,1.3730842911877394,"('1141320A', '1141319A')"
42,1145013A,1145016A,0.0009578544061302681,0.0012190874259839777,0.00017415534656913968,0.18181818181818182,149.14285714285714,0.00017298763830670292,1.220732226479353,"('1145013A', '1145016A')"
43,1145016A,1145013A,0.0012190874259839777,0.0009578544061302681,0.00017415534656913968,0.14285714285714288,149.14285714285717,0.00017298763830670292,1.1655491698595148,"('1145016A', '1145013A')"
44,1145016A,3917006A,0.0012190874259839777,0.0028735632183908046,0.00026123301985370953,0.2142857142857143,74.57142857142858,0.00025772989506639925,1.2690700104493209,"('1145016A', '3917006A')"
45,3917006A,1145016A,0.0028735632183908046,0.0012190874259839777,0.00026123301985370953,0.09090909090909093,74.57142857142858,0.00025772989506639925,1.0986590038314177,"('3917006A', '1145016A')"
46,1614007A,1611003A,0.0041797283176593526,0.0059212817833507484,0.00017415534656913968,0.041666666666666664,7.036764705882353,0.0001494059974224281,1.0372995320521556,"('1614007A', '1611003A')"
47,1611003A,1614007A,0.0059212817833507484,0.0041797283176593526,0.00017415534656913968,0.029411764705882356,7.036764705882353,0.0001494059974224281,1.0259966435515024,"('1611003A', '1614007A')"
48,1614051A,1614027A,0.0041797283176593526,0.003918495297805642,0.00017415534656913968,0.041666666666666664,10.633333333333333,0.00015777710081028642,1.0393893962109855,"('1614051A', '1614027A')"
49,1614027A,1614051A,0.003918495297805642,0.0041797283176593526,0.00017415534656913968,0.04444444444444445,10.633333333333335,0.00015777710081028642,1.0421374936210543,"('1614027A', '1614051A')"
50,1614042A,1614037A,0.007140369209334726,0.00557297109021247,0.00017415534656913968,0.024390243902439025,4.376524390243902,0.00013436227539207398,1.0192877046325322,"('1614042A', '1614037A')"
51,1614037A,1614042A,0.00557297109021247,0.007140369209334726,0.00017415534656913968,0.03125,4.376524390243903,0.00013436227539207398,1.0248873608161706,"('1614037A', '1614042A')"
52,1614039A,1614042A,0.0034831069313827935,0.007140369209334726,0.00026123301985370953,0.07500000000000001,10.503658536585368,0.00023636235036804347,1.0733617630169354,"('1614039A', '1614042A')"
53,1614042A,1614039A,0.007140369209334726,0.0034831069313827935,0.00026123301985370953,0.03658536585365854,10.503658536585368,0.00023636235036804347,1.0343593067294508,"('1614042A', '1614039A')"
54,2299008A,2299009A,0.0019157088122605363,0.0028735632183908046,0.00017415534656913968,0.09090909090909091,31.636363636363637,0.00016865043618908066,1.09683908045977,"('2299008A', '2299009A')"
55,2299009A,2299008A,0.0028735632183908046,0.0019157088122605363,0.00017415534656913968,0.06060606060606061,31.63636363636364,0.00016865043618908066,1.0624768261030775,"('2299009A', '2299008A')"
56,3212020A,3212018A,0.003918495297805642,0.004353883664228492,0.00034831069313827936,0.0888888888888889,20.416000000000004,0.0003312500204728072,1.0927823228075542,"('3212020A', '3212018A')"
57,3212018A,3212020A,0.004353883664228492,0.003918495297805642,0.00034831069313827936,0.08,20.416000000000004,0.0003312500204728072,1.0826972877197765,"('3212018A', '3212020A')"
58,3212018A,3212027A,0.004353883664228492,0.0023510971786833857,0.00017415534656913968,0.04,17.013333333333332,0.0001639189429698564,1.0392176071055381,"('3212018A', '3212027A')"
59,3212027A,3212018A,0.0023510971786833857,0.004353883664228492,0.00017415534656913968,0.07407407407407407,17.013333333333332,0.0001639189429698564,1.0752978056426332,"('3212027A', '3212018A')"
60,3219144A,3212018A,0.004615116684082201,0.004353883664228492,0.00017415534656913968,0.03773584905660377,8.667169811320754,0.0001540616654298058,1.0346910620744292,"('3219144A', '3212018A')"
61,3212018A,3219144A,0.004353883664228492,0.004615116684082201,0.00017415534656913968,0.04,8.667169811320754,0.0001540616654298058,1.036859253454081,"('3212018A', '3219144A')"
62,3260075A,3212018A,0.0029606408916753742,0.004353883664228492,0.00017415534656913968,0.05882352941176471,13.510588235294119,0.0001612650605552274,1.0578739986067571,"('3260075A', '3212018A')"
63,3212018A,3260075A,0.004353883664228492,0.0029606408916753742,0.00017415534656913968,0.04,13.510588235294119,0.0001612650605552274,1.0385826657378383,"('3212018A', '3260075A')"
64,3614099A,3212018A,0.008011145942180425,0.004353883664228492,0.00017415534656913968,0.02173913043478261,4.99304347826087,0.00013927574911972996,1.0177715855876774,"('3614099A', '3212018A')"
65,3212018A,3614099A,0.004353883664228492,0.008011145942180425,0.00017415534656913968,0.04,4.99304347826087,0.00013927574911972996,1.0333217229768954,"('3212018A', '3614099A')"
66,3219010A,3219023A,0.0024381748519679554,0.0024381748519679554,0.00026123301985370953,0.10714285714285715,43.943877551020414,0.0002552883232449406,1.1172692441657959,"('3219010A', '3219023A')"
67,3219023A,3219010A,0.0024381748519679554,0.0024381748519679554,0.00026123301985370953,0.10714285714285715,43.943877551020414,0.0002552883232449406,1.1172692441657959,"('3219023A', '3219010A')"
68,3219144A,3219140A,0.004615116684082201,0.002786485545106235,0.0008707767328456984,0.18867924528301888,67.7122641509434,0.0008579167769165247,1.2291236340955667,"('3219144A', '3219140A')"
69,3219140A,3219144A,0.002786485545106235,0.004615116684082201,0.0008707767328456984,0.3125,67.7122641509434,0.0008579167769165247,1.4478325575504258,"('3219140A', '3219144A')"
70,3219144A,3219142A,0.004615116684082201,0.0036572622779519333,0.00026123301985370953,0.05660377358490567,15.477088948787063,0.0002443543276966691,1.0561233019853709,"('3219144A', '3219142A')"
71,3219142A,3219144A,0.0036572622779519333,0.004615116684082201,0.00026123301985370953,0.07142857142857144,15.477088948787063,0.0002443543276966691,1.0719529512632961,"('3219142A', '3219144A')"
72,3219157A,3219158A,0.0072274468826192964,0.004005572971090212,0.0012190874259839777,0.1686746987951807,42.110005238344684,0.0011901373601009677,1.1980802528028915,"('3219157A', '3219158A')"
73,3219158A,3219157A,0.004005572971090212,0.0072274468826192964,0.0012190874259839777,0.30434782608695654,42.110005238344684,0.0011901373601009677,1.4271105451062347,"('3219158A', '3219157A')"
74,3230041A,3230005A,0.0019157088122605363,0.0033089515848136537,0.00017415534656913968,0.09090909090909091,27.47368421052632,0.0001678163588587687,1.0963601532567049,"('3230041A', '3230005A')"
75,3230005A,3230041A,0.0033089515848136537,0.0019157088122605363,0.00017415534656913968,0.052631578947368425,27.47368421052632,0.0001678163588587687,1.0535334184759473,"('3230005A', '3230041A')"
76,3230033A,3230032A,0.0005224660397074191,0.0006095437129919888,0.00017415534656913968,0.3333333333333333,546.8571428571429,0.0001738368806793842,1.499085684430512,"('3230033A', '3230032A')"
77,3230032A,3230033A,0.0006095437129919888,0.0005224660397074191,0.00017415534656913968,0.28571428571428575,546.8571428571429,0.0001738368806793842,1.3992685475444098,"('3230032A', '3230033A')"
78,3230042A,3230041A,0.0013932427725531174,0.0019157088122605363,0.00026123301985370953,0.1875,97.875,0.00025856397239671123,1.228411435307987,"('3230042A', '3230041A')"
79,3230041A,3230042A,0.0019157088122605363,0.0013932427725531174,0.00026123301985370953,0.13636363636363638,97.87500000000001,0.00025856397239671123,1.1562815083686226,"('3230041A', '3230042A')"
80,3231027A,3239004A,0.0024381748519679554,0.0013932427725531174,0.00017415534656913968,0.07142857142857144,51.267857142857146,0.00017075837707841455,1.0754226616295581,"('3231027A', '3239004A')"
81,3239004A,3231027A,0.0013932427725531174,0.0024381748519679554,0.00017415534656913968,0.125,51.267857142857146,0.00017075837707841455,1.1400706573120367,"('3239004A', '3231027A')"
82,3234014A,3234015A,0.0034831069313827935,0.002699407871821665,0.00026123301985370953,0.07500000000000001,27.78387096774194,0.00025183069358473823,1.0781628023007332,"('3234014A', '3234015A')"
83,3234015A,3234014A,0.002699407871821665,0.0034831069313827935,0.00026123301985370953,0.09677419354838711,27.783870967741937,0.00025183069358473823,1.1032865601831119,"('3234015A', '3234014A')"
84,3235004A,3235005A,0.0029606408916753742,0.002002786485545106,0.00017415534656913968,0.05882352941176471,29.370843989769824,0.00016822581500274003,1.0603720393591083,"('3235004A', '3235005A')"
85,3235005A,3235004A,0.002002786485545106,0.0029606408916753742,0.00017415534656913968,0.08695652173913045,29.370843989769828,0.00016822581500274003,1.0919954885472127,"('3235005A', '3235004A')"
86,3616010A,3235041A,0.009230233368164403,0.0030477185649599443,0.00017415534656913968,0.018867924528301886,6.190835579514824,0.00014602419297407227,1.0161244406934062,"('3616010A', '3235041A')"
87,3235041A,3616010A,0.0030477185649599443,0.009230233368164403,0.00017415534656913968,0.05714285714285715,6.190835579514825,0.00014602419297407227,1.0508164191549771,"('3235041A', '3616010A')"
88,3238002A,3238015A,0.0024381748519679554,0.002786485545106235,0.00017415534656913968,0.07142857142857144,25.633928571428573,0.00016736140758768944,1.0739222463360394,"('3238002A', '3238015A')"
89,3238015A,3238002A,0.002786485545106235,0.0024381748519679554,0.00017415534656913968,0.0625,25.633928571428573,0.00016736140758768944,1.0640659468245675,"('3238015A', '3238002A')"
90,3238004A,3239048A,0.003744339951236503,0.0028735632183908046,0.00017415534656913968,0.046511627906976744,16.186046511627907,0.00016339574900811526,1.0457667507709558,"('3238004A', '3239048A')"
91,3239048A,3238004A,0.0028735632183908046,0.003744339951236503,0.00017415534656913968,0.06060606060606061,16.186046511627907,0.00016339574900811526,1.060530218761587,"('3239048A', '3238004A')"
92,3238014A,3238009A,0.0025252525252525255,0.0013932427725531174,0.00026123301985370953,0.10344827586206896,74.25,0.0002577147300240299,1.1138306138306138,"('3238014A', '3238009A')"
93,3238009A,3238014A,0.0013932427725531174,0.0025252525252525255,0.00026123301985370953,0.1875,74.25,0.0002577147300240299,1.2276612276612278,"('3238009A', '3238014A')"
94,3238014A,3238015A,0.0025252525252525255,0.002786485545106235,0.00017415534656913968,0.06896551724137931,24.75,0.0001671187669097805,1.0710811821922934,"('3238014A', '3238015A')"
95,3238015A,3238014A,0.002786485545106235,0.0025252525252525255,0.00017415534656913968,0.0625,24.749999999999996,0.0001671187669097805,1.063973063973064,"('3238015A', '3238014A')"
96,3239055A,3239048A,0.0033960292580982234,0.0028735632183908046,0.0012190874259839777,0.358974358974359,124.92307692307692,0.0012093287212193277,1.5555172413793104,"('3239055A', '3239048A')"
97,3239048A,3239055A,0.0028735632183908046,0.0033960292580982234,0.0012190874259839777,0.42424242424242425,124.92307692307693,0.0012093287212193277,1.7309437386569875,"('3239048A', '3239055A')"
98,3259029A,3239048A,0.003570184604667363,0.0028735632183908046,0.00026123301985370953,0.07317073170731708,25.463414634146346,0.0002509738686908723,1.0758469449485784,"('3259029A', '3239048A')"
99,3239048A,3259029A,0.0028735632183908046,0.003570184604667363,0.00026123301985370953,0.09090909090909093,25.463414634146346,0.0002509738686908723,1.0960727969348658,"('3239048A', '3259029A')"
100,3239055A,3249008A,0.0033960292580982234,0.0029606408916753742,0.00017415534656913968,0.05128205128205129,17.321266968325794,0.0001641009234782881,1.0509333785195856,"('3239055A', '3249008A')"
101,3249008A,3239055A,0.0029606408916753742,0.0033960292580982234,0.00017415534656913968,0.05882352941176471,17.321266968325794,0.0001641009234782881,1.0588917189132707,"('3249008A', '3239055A')"
102,3249009A,3239055A,0.0033089515848136537,0.0033960292580982234,0.00017415534656913968,0.052631578947368425,15.497975708502027,0.00016291805017348203,1.0519708580053408,"('3249009A', '3239055A')"
103,3239055A,3249009A,0.0033960292580982234,0.0033089515848136537,0.00017415534656913968,0.05128205128205129,15.497975708502025,0.00016291805017348203,1.0505662402214127,"('3239055A', '3249009A')"
104,3239055A,3259029A,0.0033960292580982234,0.003570184604667363,0.00026123301985370953,0.07692307692307694,21.545966228893064,0.00024910856847944733,1.0794656333449437,"('3239055A', '3259029A')"
105,3259029A,3239055A,0.003570184604667363,0.0033960292580982234,0.00026123301985370953,0.07317073170731708,21.54596622889306,0.00024910856847944733,1.0752832315899468,"('3259029A', '3239055A')"
106,3239083A,3239082A,0.002612330198537095,0.004005572971090212,0.00026123301985370953,0.1,24.96521739130435,0.0002507691406188866,1.1066604744765665,"('3239083A', '3239082A')"
107,3239082A,3239083A,0.004005572971090212,0.002612330198537095,0.00026123301985370953,0.06521739130434784,24.965217391304353,0.0002507691406188866,1.0669728560666814,"('3239082A', '3239083A')"
108,3618025A,3241047A,0.007924068268895855,0.0017415534656913968,0.00017415534656913968,0.02197802197802198,12.619780219780221,0.00016035515801306888,1.0206912206137313,"('3618025A', '3241047A')"
109,3241047A,3618025A,0.0017415534656913968,0.007924068268895855,0.00017415534656913968,0.1,12.619780219780221,0.00016035515801306888,1.102306590812338,"('3241047A', '3618025A')"
110,3246020A,3246016A,0.0041797283176593526,0.003134796238244514,0.00026123301985370953,0.0625,19.9375,0.0002481304232466269,1.0633228840125393,"('3246020A', '3246016A')"
111,3246016A,3246020A,0.003134796238244514,0.0041797283176593526,0.00026123301985370953,0.08333333333333334,19.9375,0.0002481304232466269,1.0863493872898262,"('3246016A', '3246020A')"
112,3249009A,3249008A,0.0033089515848136537,0.0029606408916753742,0.0004353883664228492,0.13157894736842105,44.44272445820434,0.00042559174905227584,1.148105928670192,"('3249009A', '3249008A')"
113,3249008A,3249009A,0.0029606408916753742,0.0033089515848136537,0.0004353883664228492,0.14705882352941177,44.44272445820434,0.00042559174905227584,1.1685343326247013,"('3249008A', '3249009A')"
114,3249011A,3249008A,0.0023510971786833857,0.0029606408916753742,0.00034831069313827936,0.14814814814814814,50.03921568627451,0.00034134993869076673,1.170437508518468,"('3249011A', '3249008A')"
115,3249008A,3249011A,0.0029606408916753742,0.0023510971786833857,0.00034831069313827936,0.11764705882352942,50.03921568627451,0.00034134993869076673,1.1306687565308255,"('3249008A', '3249011A')"
116,3249009A,3249010A,0.0033089515848136537,0.001567398119122257,0.00017415534656913968,0.052631578947368425,33.578947368421055,0.00016896890207883616,1.0539010797631487,"('3249009A', '3249010A')"
117,3249010A,3249009A,0.001567398119122257,0.0033089515848136537,0.00017415534656913968,0.11111111111111112,33.578947368421055,0.00016896890207883616,1.1212774294670846,"('3249010A', '3249009A')"
118,3249009A,3259027A,0.0033089515848136537,0.0040926506443747825,0.00017415534656913968,0.052631578947368425,12.860022396416573,0.0001606129637333471,1.0512355354309377,"('3249009A', '3259027A')"
119,3259027A,3249009A,0.0040926506443747825,0.0033089515848136537,0.00017415534656913968,0.0425531914893617,12.860022396416573,0.0001606129637333471,1.0409884283447501,"('3259027A', '3249009A')"
120,3249009A,3259029A,0.0033089515848136537,0.003570184604667363,0.00017415534656913968,0.052631578947368425,14.741976893453147,0.0001623417785634483,1.05178702736174,"('3249009A', '3259029A')"
121,3259029A,3249009A,0.003570184604667363,0.0033089515848136537,0.00017415534656913968,0.04878048780487805,14.741976893453145,0.0001623417785634483,1.0478034098723754,"('3259029A', '3249009A')"
122,3249011A,3249010A,0.0023510971786833857,0.001567398119122257,0.0006095437129919888,0.25925925925925924,165.4074074074074,0.0006058586076962469,1.347884012539185,"('3249011A', '3249010A')"
123,3249010A,3249011A,0.001567398119122257,0.0023510971786833857,0.0006095437129919888,0.3888888888888889,165.4074074074074,0.0006058586076962469,1.6325163864348815,"('3249010A', '3249011A')"
124,3259027A,3249011A,0.0040926506443747825,0.0023510971786833857,0.00017415534656913968,0.0425531914893617,18.099290780141843,0.00016453312718581339,1.0419888540578195,"('3259027A', '3249011A')"
125,3249011A,3259027A,0.0023510971786833857,0.0040926506443747825,0.00017415534656913968,0.07407407407407407,18.099290780141843,0.00016453312718581339,1.0755799373040753,"('3249011A', '3259027A')"
126,3249011A,3259029A,0.0023510971786833857,0.003570184604667363,0.00017415534656913968,0.07407407407407407,20.747967479674795,0.0001657614956177274,1.0761442006269593,"('3249011A', '3259029A')"
127,3259029A,3249011A,0.003570184604667363,0.0023510971786833857,0.00017415534656913968,0.04878048780487805,20.747967479674795,0.0001657614956177274,1.0488103850172816,"('3259029A', '3249011A')"
128,3250013A,3250015A,0.0017415534656913968,0.0036572622779519333,0.0005224660397074191,0.30000000000000004,82.02857142857144,0.0005160967219123095,1.4233467681743546,"('3250013A', '3250015A')"
129,3250015A,3250013A,0.0036572622779519333,0.0017415534656913968,0.0005224660397074191,0.14285714285714288,82.02857142857144,0.0005160967219123095,1.1646348542900269,"('3250015A', '3250013A')"
130,3259027A,3259026A,0.0040926506443747825,0.002176941832114246,0.0004353883664228492,0.10638297872340426,48.86808510638298,0.0004264789040308804,1.1166115174735864,"('3259027A', '3259026A')"
131,3259026A,3259027A,0.002176941832114246,0.0040926506443747825,0.0004353883664228492,0.2,48.86808510638298,0.0004264789040308804,1.2448841866945315,"('3259026A', '3259027A')"
132,3259026A,3259028A,0.002176941832114246,0.004266805990943922,0.00034831069313827936,0.16,37.498775510204084,0.0003390221046870779,1.1853966595345906,"('3259026A', '3259028A')"
133,3259028A,3259026A,0.004266805990943922,0.002176941832114246,0.00034831069313827936,0.0816326530612245,37.498775510204084,0.0003390221046870779,1.0865184411161422,"('3259028A', '3259026A')"
134,3259027A,3259028A,0.0040926506443747825,0.004266805990943922,0.0006966213862765587,0.1702127659574468,39.892314372557536,0.0006791588399882999,1.1999861568827086,"('3259027A', '3259028A')"
135,3259028A,3259027A,0.004266805990943922,0.0040926506443747825,0.0006966213862765587,0.163265306122449,39.892314372557536,0.0006791588399882999,1.190230734595747,"('3259028A', '3259027A')"
136,3259027A,3259029A,0.0040926506443747825,0.003570184604667363,0.0006966213862765587,0.1702127659574468,47.67618059159315,0.00068200986795373,1.200825674963606,"('3259027A', '3259029A')"
137,3259029A,3259027A,0.003570184604667363,0.0040926506443747825,0.0006966213862765587,0.1951219512195122,47.67618059159315,0.00068200986795373,1.2373394340478978,"('3259029A', '3259027A')"
138,3259029A,3259028A,0.003570184604667363,0.004266805990943922,0.0006095437129919888,0.17073170731707318,40.01393728222997,0.0005943104279320184,1.2007370868932736,"('3259029A', '3259028A')"
139,3259028A,3259029A,0.004266805990943922,0.003570184604667363,0.0006095437129919888,0.14285714285714285,40.01393728222997,0.0005943104279320184,1.1625014512945546,"('3259028A', '3259029A')"
140,3260075A,3260076A,0.0029606408916753742,0.002612330198537095,0.00017415534656913968,0.05882352941176471,22.51764705882353,0.0001664211749607923,1.0597243991640544,"('3260075A', '3260076A')"
141,3260076A,3260075A,0.002612330198537095,0.0029606408916753742,0.00017415534656913968,0.06666666666666667,22.51764705882353,0.0001664211749607923,1.0682564561874908,"('3260076A', '3260075A')"
142,3260075A,3260077A,0.0029606408916753742,0.0030477185649599443,0.00017415534656913968,0.05882352941176471,19.300840336134456,0.00016513214635940107,1.0592617990247302,"('3260075A', '3260077A')"
143,3260077A,3260075A,0.0030477185649599443,0.0029606408916753742,0.00017415534656913968,0.05714285714285715,19.300840336134456,0.00016513214635940107,1.0574659869330716,"('3260077A', '3260075A')"
144,3260075A,3260078A,0.0029606408916753742,0.0033960292580982234,0.00026123301985370953,0.08823529411764708,25.981900452488695,0.00025117859676285795,1.0930495162975697,"('3260075A', '3260078A')"
145,3260078A,3260075A,0.0033960292580982234,0.0029606408916753742,0.00026123301985370953,0.07692307692307694,25.981900452488695,0.00025117859676285795,1.0801259723673517,"('3260078A', '3260075A')"
146,3260075A,3260079A,0.0029606408916753742,0.00513758272378962,0.00017415534656913968,0.05882352941176471,11.449651046859424,0.00015894480907272318,1.0570413183559735,"('3260075A', '3260079A')"
147,3260079A,3260075A,0.00513758272378962,0.0029606408916753742,0.00017415534656913968,0.03389830508474576,11.449651046859422,0.00015894480907272318,1.0320231962700204,"('3260079A', '3260075A')"
148,3260076A,3260079A,0.002612330198537095,0.00513758272378962,0.00026123301985370953,0.1,19.46440677966102,0.0002478119573568714,1.105402685862456,"('3260076A', '3260079A')"
149,3260079A,3260076A,0.00513758272378962,0.002612330198537095,0.00026123301985370953,0.050847457627118654,19.464406779661022,0.0002478119573568714,1.0508191521122554,"('3260079A', '3260076A')"
150,3260078A,3260077A,0.0033960292580982234,0.0030477185649599443,0.00026123301985370953,0.07692307692307694,25.239560439560446,0.00025088287843665644,1.0800316382212936,"('3260078A', '3260077A')"
151,3260077A,3260078A,0.0030477185649599443,0.0033960292580982234,0.00026123301985370953,0.08571428571428572,25.239560439560442,0.00025088287843665644,1.0900355929989551,"('3260077A', '3260078A')"
152,3260079A,3260077A,0.00513758272378962,0.0030477185649599443,0.00034831069313827936,0.06779661016949153,22.24503631961259,0.00033265278689196826,1.069457901903043,"('3260079A', '3260077A')"
153,3260077A,3260079A,0.0030477185649599443,0.00513758272378962,0.00034831069313827936,0.1142857142857143,22.245036319612595,0.00033265278689196826,1.1232317614408827,"('3260077A', '3260079A')"
154,3260080A,3260077A,0.0025252525252525255,0.0030477185649599443,0.00017415534656913968,0.06896551724137931,22.628571428571426,0.00016645908756671558,1.0708005985783764,"('3260080A', '3260077A')"
155,3260077A,3260080A,0.0030477185649599443,0.0025252525252525255,0.00017415534656913968,0.05714285714285715,22.62857142857143,0.00016645908756671558,1.057927762473217,"('3260077A', '3260080A')"
156,3260078A,3260079A,0.0033960292580982234,0.00513758272378962,0.00034831069313827936,0.10256410256410257,19.963494132985662,0.0003308633118923898,1.1085609792506343,"('3260078A', '3260079A')"
157,3260079A,3260078A,0.00513758272378962,0.0033960292580982234,0.00034831069313827936,0.06779661016949153,19.96349413298566,0.0003308633118923898,1.0690842595231311,"('3260079A', '3260078A')"
158,3260080A,3260078A,0.0025252525252525255,0.0033960292580982234,0.0004353883664228492,0.17241379310344826,50.76923076923077,0.0004268125349630052,1.204229797979798,"('3260080A', '3260078A')"
159,3260078A,3260080A,0.0033960292580982234,0.0025252525252525255,0.0004353883664228492,0.12820512820512822,50.769230769230774,0.0004268125349630052,1.144162210338681,"('3260078A', '3260080A')"
160,3311055A,3429050A,0.0025252525252525255,0.0023510971786833857,0.00017415534656913968,0.06896551724137931,29.333333333333332,0.00016821823248155536,1.0715488215488216,"('3311055A', '3429050A')"
161,3429050A,3311055A,0.0023510971786833857,0.0025252525252525255,0.00017415534656913968,0.07407407407407407,29.33333333333333,0.00016821823248155536,1.0772727272727274,"('3429050A', '3311055A')"
162,3329147A,3329148A,0.001567398119122257,0.0020898641588296763,0.00017415534656913968,0.11111111111111112,53.166666666666664,0.00017087969741736903,1.1226489028213167,"('3329147A', '3329148A')"
163,3329148A,3329147A,0.0020898641588296763,0.001567398119122257,0.00017415534656913968,0.08333333333333333,53.166666666666664,0.00017087969741736903,1.0891992020518668,"('3329148A', '3329147A')"
164,3329147A,3329149A,0.001567398119122257,0.0016544757924068269,0.00026123301985370953,0.16666666666666669,100.73684210526316,0.0002586397976085578,1.1980146290491118,"('3329147A', '3329149A')"
165,3329149A,3329147A,0.0016544757924068269,0.001567398119122257,0.00026123301985370953,0.15789473684210528,100.73684210526318,0.0002586397976085578,1.1856387147335425,"('3329149A', '3329147A')"
166,3333007A,3333012A,0.002699407871821665,0.0020898641588296763,0.0004353883664228492,0.16129032258064518,77.17741935483872,0.0004297469706614664,1.1898159311952416,"('3333007A', '3333012A')"
167,3333012A,3333007A,0.0020898641588296763,0.002699407871821665,0.0004353883664228492,0.20833333333333331,77.1774193548387,0.0004297469706614664,1.2597481163724358,"('3333012A', '3333007A')"
168,3333024A,3333007A,0.004789272030651341,0.002699407871821665,0.00034831069313827936,0.07272727272727274,26.941935483870974,0.0003353824945184438,1.0755202464127414,"('3333024A', '3333007A')"
169,3333007A,3333024A,0.002699407871821665,0.004789272030651341,0.00034831069313827936,0.12903225806451615,26.941935483870974,0.0003353824945184438,1.1426493543351781,"('3333007A', '3333024A')"
170,3333024A,3333012A,0.004789272030651341,0.0020898641588296763,0.00017415534656913968,0.03636363636363637,17.400000000000002,0.00016414641860539603,1.0355671220993277,"('3333024A', '3333012A')"
171,3333012A,3333024A,0.0020898641588296763,0.004789272030651341,0.00017415534656913968,0.08333333333333333,17.4,0.00016414641860539603,1.0856844305120168,"('3333012A', '3333024A')"
172,3613001A,3499197A,0.008185301288749565,0.009056078021595262,0.00026123301985370953,0.03191489361702128,3.5241407528641577,0.00018710629275252923,1.0236124029227478,"('3613001A', '3499197A')"
173,3499197A,3613001A,0.009056078021595262,0.008185301288749565,0.00026123301985370953,0.02884615384615385,3.5241407528641577,0.00018710629275252923,1.0212745412472282,"('3499197A', '3613001A')"
174,3615001A,3499197A,0.012452107279693486,0.009056078021595262,0.00017415534656913968,0.013986013986013988,1.5443786982248524,6.138809151096114e-05,1.0049998641341267,"('3615001A', '3499197A')"
175,3499197A,3615001A,0.009056078021595262,0.012452107279693486,0.00017415534656913968,0.019230769230769232,1.5443786982248522,6.138809151096114e-05,1.006911576891293,"('3499197A', '3615001A')"
176,3615005A,3499197A,0.008794845001741554,0.009056078021595262,0.00017415534656913968,0.019801980198019802,2.186595582635187,9.450854404553105e-05,1.0109629911092817,"('3615005A', '3499197A')"
177,3499197A,3615005A,0.009056078021595262,0.008794845001741554,0.00017415534656913968,0.019230769230769232,2.186595582635187,9.450854404553105e-05,1.0106405501943028,"('3499197A', '3615005A')"
178,3615010A,3499197A,0.005660048763497039,0.009056078021595262,0.00017415534656913968,0.03076923076923077,3.397633136094675,0.0001228975033608767,1.0224024591840684,"('3615010A', '3499197A')"
179,3499197A,3615010A,0.009056078021595262,0.005660048763497039,0.00017415534656913968,0.019230769230769232,3.397633136094675,0.0001228975033608767,1.013836813025454,"('3499197A', '3615010A')"
180,3616004A,3499197A,0.008881922675026124,0.009056078021595262,0.00017415534656913968,0.0196078431372549,2.1651583710407243,9.3719961842327e-05,1.010762800417973,"('3616004A', '3499197A')"
181,3499197A,3616004A,0.009056078021595262,0.008881922675026124,0.00017415534656913968,0.019230769230769232,2.165158371040724,9.3719961842327e-05,1.0105517651156597,"('3499197A', '3616004A')"
182,3541047A,3541049A,0.002699407871821665,0.003918495297805642,0.00034831069313827936,0.12903225806451615,32.929032258064524,0.00033773307608568663,1.1436491350284455,"('3541047A', '3541049A')"
183,3541049A,3541047A,0.003918495297805642,0.002699407871821665,0.00034831069313827936,0.0888888888888889,32.929032258064524,0.00033773307608568663,1.0945982108723908,"('3541049A', '3541047A')"
184,3616004A,3541049A,0.008881922675026124,0.003918495297805642,0.00017415534656913968,0.0196078431372549,5.003921568627451,0.0001393515743315765,1.0160031347962384,"('3616004A', '3541049A')"
185,3541049A,3616004A,0.003918495297805642,0.008881922675026124,0.00017415534656913968,0.04444444444444445,5.003921568627452,0.0001393515743315765,1.0372165925493915,"('3541049A', '3616004A')"
186,3611005A,3616014A,0.008446534308603273,0.011320097526994078,0.00017415534656913968,0.02061855670103093,1.8214115781126095,7.853975443064913e-05,1.00949421620928,"('3611005A', '3616014A')"
187,3616014A,3611005A,0.011320097526994078,0.008446534308603273,0.00017415534656913968,0.015384615384615385,1.8214115781126092,7.853975443064913e-05,1.0070464885928248,"('3616014A', '3611005A')"
188,3611007A,3614002A,0.008272378962034135,0.0072274468826192964,0.00034831069313827936,0.042105263157894736,5.82574508560558,0.0002885225135972803,1.0364109071005623,"('3611007A', '3614002A')"
189,3614002A,3611007A,0.0072274468826192964,0.008272378962034135,0.00034831069313827936,0.04819277108433735,5.82574508560558,0.0002885225135972803,1.041941677799382,"('3614002A', '3611007A')"
190,3615005A,3613001A,0.008794845001741554,0.008185301288749565,0.00017415534656913968,0.019801980198019802,2.4192121339793555,0.00010216689044203187,1.0118513592912757,"('3615005A', '3613001A')"
191,3613001A,3615005A,0.008185301288749565,0.008794845001741554,0.00017415534656913968,0.02127659574468085,2.419212133979355,0.00010216689044203187,1.0127530931503945,"('3613001A', '3615005A')"
192,3614001A,3614002A,0.01036224312086381,0.0072274468826192964,0.00017415534656913968,0.01680672268907563,2.3254024501366812,9.926278482830929e-05,1.0097430241108403,"('3614001A', '3614002A')"
193,3614002A,3614001A,0.0072274468826192964,0.01036224312086381,0.00017415534656913968,0.024096385542168676,2.3254024501366812,9.926278482830929e-05,1.0140732570489914,"('3614002A', '3614001A')"
194,3615001A,3614010A,0.012452107279693486,0.007836990595611285,0.00017415534656913968,0.013986013986013988,1.784615384615385,7.656829892263902e-05,1.0062362435803376,"('3615001A', '3614010A')"
195,3614010A,3615001A,0.007836990595611285,0.012452107279693486,0.00017415534656913968,0.022222222222222227,1.7846153846153852,7.656829892263902e-05,1.0099921630094044,"('3614010A', '3615001A')"
196,3614042A,3614080A,0.008185301288749565,0.0060083594566353185,0.00034831069313827936,0.0425531914893617,7.082331174838113,0.00029913046073461164,1.0381690467897364,"('3614042A', '3614080A')"
197,3614080A,3614042A,0.0060083594566353185,0.008185301288749565,0.00034831069313827936,0.05797101449275363,7.082331174838114,0.00029913046073461164,1.0528494494011735,"('3614080A', '3614042A')"
198,3614078A,3614077A,0.003744339951236503,0.0019157088122605363,0.00026123301985370953,0.06976744186046513,36.4186046511628,0.0002540599548130266,1.07294061302682,"('3614078A', '3614077A')"
199,3614077A,3614078A,0.0019157088122605363,0.003744339951236503,0.00026123301985370953,0.13636363636363638,36.418604651162795,0.0002540599548130266,1.153559185319621,"('3614077A', '3614078A')"
200,3614077A,3614082A,0.0019157088122605363,0.002786485545106235,0.0004353883664228492,0.2272727272727273,81.5625,0.0004300502715088526,1.2905116069416274,"('3614077A', '3614082A')"
201,3614082A,3614077A,0.002786485545106235,0.0019157088122605363,0.0004353883664228492,0.15625,81.5625,0.0004300502715088526,1.1829147154817652,"('3614082A', '3614077A')"
202,3614078A,3614082A,0.003744339951236503,0.002786485545106235,0.00026123301985370953,0.06976744186046513,25.03779069767442,0.00025079947070362523,1.072004528039011,"('3614078A', '3614082A')"
203,3614082A,3614078A,0.002786485545106235,0.003744339951236503,0.00026123301985370953,0.09375,25.037790697674417,0.00025079947070362523,1.0993165903986357,"('3614082A', '3614078A')"
204,3614099A,3614088A,0.008011145942180425,0.006269592476489028,0.0004353883664228492,0.05434782608695653,8.668478260869566,0.0003851617460956992,1.0508413504846323,"('3614099A', '3614088A')"
205,3614088A,3614099A,0.006269592476489028,0.008011145942180425,0.0004353883664228492,0.06944444444444445,8.668478260869566,0.0003851617460956992,1.0660178730173584,"('3614088A', '3614099A')"
206,3622060A,3614088A,0.0073145245559038665,0.006269592476489028,0.00017415534656913968,0.023809523809523808,3.7976190476190474,0.00012829625844435055,1.0179677345362794,"('3622060A', '3614088A')"
207,3614088A,3622060A,0.006269592476489028,0.0073145245559038665,0.00017415534656913968,0.02777777777777778,3.797619047619048,0.00012829625844435055,1.0210479175996416,"('3614088A', '3622060A')"
208,3614103A,3614102A,0.001567398119122257,0.0022640195053988156,0.00026123301985370953,0.16666666666666669,73.61538461538463,0.0002576843999392913,1.1972831765935215,"('3614103A', '3614102A')"
209,3614102A,3614103A,0.0022640195053988156,0.001567398119122257,0.00026123301985370953,0.1153846153846154,73.61538461538463,0.0002576843999392913,1.1286629412566445,"('3614102A', '3614103A')"
210,3614109A,3614106A,0.004702194357366771,0.004528039010797631,0.00034831069313827936,0.07407407407407407,16.358974358974358,0.0003270189736517701,1.0751097178683384,"('3614109A', '3614106A')"
211,3614106A,3614109A,0.004528039010797631,0.004702194357366771,0.00034831069313827936,0.07692307692307693,16.358974358974358,0.0003270189736517701,1.078239289446186,"('3614106A', '3614109A')"
212,3614110A,3614106A,0.005660048763497039,0.004528039010797631,0.0006966213862765587,0.12307692307692308,27.1810650887574,0.0006709924646724272,1.1351873239350554,"('3614110A', '3614106A')"
213,3614106A,3614110A,0.004528039010797631,0.005660048763497039,0.0006966213862765587,0.15384615384615385,27.1810650887574,0.0006709924646724272,1.1751290332795035,"('3614106A', '3614110A')"
214,3614106A,3622085A,0.004528039010797631,0.0038314176245210726,0.00017415534656913968,0.038461538461538464,10.03846153846154,0.00015680653809865068,1.036015325670498,"('3614106A', '3622085A')"
215,3622085A,3614106A,0.0038314176245210726,0.004528039010797631,0.00017415534656913968,0.045454545454545456,10.03846153846154,0.00015680653809865068,1.0428753877029737,"('3622085A', '3614106A')"
216,3614110A,3614107A,0.005660048763497039,0.002002786485545106,0.00017415534656913968,0.03076923076923077,15.363210702341139,0.00016281947739808152,1.029679664737136,"('3614110A', '3614107A')"
217,3614107A,3614110A,0.002002786485545106,0.005660048763497039,0.00017415534656913968,0.08695652173913045,15.36321070234114,0.00016281947739808152,1.089038994211408,"('3614107A', '3614110A')"
218,3614109A,3614108A,0.004702194357366771,0.003134796238244514,0.00026123301985370953,0.05555555555555556,17.722222222222225,0.0002464925986707416,1.0555043333948,"('3614109A', '3614108A')"
219,3614108A,3614109A,0.003134796238244514,0.004702194357366771,0.00026123301985370953,0.08333333333333334,17.722222222222225,0.0002464925986707416,1.0857794243374181,"('3614108A', '3614109A')"
220,3614111A,3614108A,0.0036572622779519333,0.003134796238244514,0.00034831069313827936,0.09523809523809523,30.38095238095238,0.0003368459211070821,1.1017983831050981,"('3614111A', '3614108A')"
221,3614108A,3614111A,0.003134796238244514,0.0036572622779519333,0.00034831069313827936,0.11111111111111112,30.380952380952383,0.0003368459211070821,1.120885579937304,"('3614108A', '3614111A')"
222,3614109A,3614110A,0.004702194357366771,0.005660048763497039,0.0005224660397074191,0.11111111111111112,19.630769230769232,0.0004958513903492825,1.1186324451410659,"('3614109A', '3614110A')"
223,3614110A,3614109A,0.005660048763497039,0.004702194357366771,0.0005224660397074191,0.09230769230769233,19.630769230769232,0.0004958513903492825,1.0965145316401892,"('3614110A', '3614109A')"
224,3614109A,3614111A,0.004702194357366771,0.0036572622779519333,0.0005224660397074191,0.11111111111111112,30.380952380952383,0.0005052688816606231,1.120885579937304,"('3614109A', '3614111A')"
225,3614111A,3614109A,0.0036572622779519333,0.004702194357366771,0.0005224660397074191,0.14285714285714288,30.380952380952383,0.0005052688816606231,1.1611807732497388,"('3614111A', '3614109A')"
226,3614111A,3614110A,0.0036572622779519333,0.005660048763497039,0.00034831069313827936,0.09523809523809523,16.826373626373627,0.00032761041030417317,1.099007314524556,"('3614111A', '3614110A')"
227,3614110A,3614111A,0.005660048763497039,0.0036572622779519333,0.00034831069313827936,0.06153846153846154,16.826373626373627,0.00032761041030417317,1.0616766877366086,"('3614110A', '3614111A')"
228,3614120A,3917004A,0.0020898641588296763,0.0016544757924068269,0.00017415534656913968,0.08333333333333333,50.368421052631575,0.00017069771690893733,1.0891042082264653,"('3614120A', '3917004A')"
229,3917004A,3614120A,0.0016544757924068269,0.0020898641588296763,0.00017415534656913968,0.10526315789473685,50.368421052631575,0.00017069771690893733,1.1153113282930727,"('3917004A', '3614120A')"
230,3616004A,3616002A,0.008881922675026124,0.01053639846743295,0.00017415534656913968,0.0196078431372549,1.8609625668449197,8.057187010813646e-05,1.0092528735632185,"('3616004A', '3616002A')"
231,3616002A,3616004A,0.01053639846743295,0.008881922675026124,0.00017415534656913968,0.01652892561983471,1.8609625668449197,8.057187010813646e-05,1.0077755240027044,"('3616002A', '3616004A')"
232,3616014A,3616002A,0.011320097526994078,0.01053639846743295,0.00017415534656913968,0.015384615384615385,1.46013986013986,5.488228833452774e-05,1.0049239703065134,"('3616014A', '3616002A')"
233,3616002A,3616014A,0.01053639846743295,0.011320097526994078,0.00017415534656913968,0.01652892561983471,1.4601398601398603,5.488228833452774e-05,1.0052963714221321,"('3616002A', '3616014A')"
234,3616010A,3616015A,0.009230233368164403,0.008272378962034135,0.00017415534656913968,0.018867924528301886,2.2808341608738827,9.7799358239671e-05,1.0107993060579268,"('3616010A', '3616015A')"
235,3616015A,3616010A,0.008272378962034135,0.009230233368164403,0.00017415534656913968,0.021052631578947368,2.2808341608738827,9.7799358239671e-05,1.0120766433335955,"('3616015A', '3616010A')"
236,3616011A,3618002A,0.008272378962034135,0.0023510971786833857,0.00017415534656913968,0.021052631578947368,8.95438596491228,0.00015470617973050143,1.0191037179357534,"('3616011A', '3618002A')"
237,3618002A,3616011A,0.0023510971786833857,0.008272378962034135,0.00017415534656913968,0.07407407407407407,8.95438596491228,0.00015470617973050143,1.071065830721003,"('3618002A', '3616011A')"
238,3617013A,3617012A,0.003744339951236503,0.0028735632183908046,0.0005224660397074191,0.13953488372093026,48.55813953488373,0.0005117064421463946,1.1588226157191674,"('3617013A', '3617012A')"
239,3617012A,3617013A,0.0028735632183908046,0.003744339951236503,0.0005224660397074191,0.18181818181818185,48.55813953488373,0.0005117064421463946,1.2176458067262665,"('3617012A', '3617013A')"
240,3617012A,3617014A,0.0028735632183908046,0.002786485545106235,0.00017415534656913968,0.06060606060606061,21.75,0.00016614820419814474,1.0615498702261772,"('3617012A', '3617014A')"
241,3617014A,3617012A,0.002786485545106235,0.0028735632183908046,0.00017415534656913968,0.0625,21.75,0.00016614820419814474,1.0636015325670498,"('3617014A', '3617012A')"
242,3617015A,3617012A,0.0029606408916753742,0.0028735632183908046,0.00026123301985370953,0.08823529411764708,30.705882352941185,0.0002527254310845274,1.0936225435669262,"('3617015A', '3617012A')"
243,3617012A,3617015A,0.0028735632183908046,0.0029606408916753742,0.00026123301985370953,0.09090909090909093,30.705882352941185,0.0002527254310845274,1.0967432950191571,"('3617012A', '3617015A')"
244,3617016A,3617012A,0.0036572622779519333,0.0028735632183908046,0.0005224660397074191,0.14285714285714288,49.71428571428572,0.0005119566653454883,1.1633141762452108,"('3617016A', '3617012A')"
245,3617012A,3617016A,0.0028735632183908046,0.0036572622779519333,0.0005224660397074191,0.18181818181818185,49.71428571428572,0.0005119566653454883,1.2177522349936143,"('3617012A', '3617016A')"
246,3617013A,3617014A,0.003744339951236503,0.002786485545106235,0.0005224660397074191,0.13953488372093026,50.07558139534884,0.0005120324905573348,1.158923814096228,"('3617013A', '3617014A')"
247,3617014A,3617013A,0.002786485545106235,0.003744339951236503,0.0005224660397074191,0.1875,50.075581395348834,0.0005120324905573348,1.226160812367709,"('3617014A', '3617013A')"
248,3617015A,3617013A,0.0029606408916753742,0.003744339951236503,0.0004353883664228492,0.14705882352941177,39.2749658002736,0.0004243027204508846,1.1680238772985505,"('3617015A', '3617013A')"
249,3617013A,3617015A,0.003744339951236503,0.0029606408916753742,0.0004353883664228492,0.11627906976744186,39.2749658002736,0.0004243027204508846,1.1282287484646831,"('3617013A', '3617015A')"
250,3617016A,3617013A,0.0036572622779519333,0.003744339951236503,0.0005224660397074191,0.14285714285714288,38.15282392026579,0.0005087720064479334,1.162298270056891,"('3617016A', '3617013A')"
251,3617013A,3617016A,0.003744339951236503,0.0036572622779519333,0.0005224660397074191,0.13953488372093026,38.15282392026579,0.0005087720064479334,1.1579118303256235,"('3617013A', '3617016A')"
252,3617015A,3617014A,0.0029606408916753742,0.002786485545106235,0.00017415534656913968,0.05882352941176471,21.11029411764706,0.0001659055635202358,1.0595393591083246,"('3617015A', '3617014A')"
253,3617014A,3617015A,0.002786485545106235,0.0029606408916753742,0.00017415534656913968,0.0625,21.11029411764706,0.0001659055635202358,1.0635086497155464,"('3617014A', '3617015A')"
254,3618001A,3619001A,0.0024381748519679554,0.002002786485545106,0.00017415534656913968,0.07142857142857144,35.664596273291934,0.0001692722029262223,1.0747662299386438,"('3618001A', '3619001A')"
255,3619001A,3618001A,0.002002786485545106,0.0024381748519679554,0.00017415534656913968,0.08695652173913045,35.664596273291934,0.0001692722029262223,1.0925677132573686,"('3619001A', '3618001A')"
256,3618004A,3618005A,0.007053291536050157,0.006530825496342737,0.00017415534656913968,0.024691358024691357,3.7807407407407405,0.00012809153037236489,1.018620292845522,"('3618004A', '3618005A')"
257,3618005A,3618004A,0.006530825496342737,0.007053291536050157,0.00017415534656913968,0.02666666666666667,3.780740740740741,0.00012809153037236489,1.020150727873921,"('3618005A', '3618004A')"
258,3618004A,3618035A,0.007053291536050157,0.0072274468826192964,0.00017415534656913968,0.024691358024691357,3.4163319946452475,0.0001231780566447089,1.0179060354747826,"('3618004A', '3618035A')"
259,3618035A,3618004A,0.0072274468826192964,0.007053291536050157,0.00017415534656913968,0.024096385542168676,3.4163319946452475,0.0001231780566447089,1.017463911142072,"('3618035A', '3618004A')"
260,3618005A,3618006A,0.006530825496342737,0.00557297109021247,0.00017415534656913968,0.02666666666666667,4.785,0.0001377592448827991,1.0216716050443022,"('3618005A', '3618006A')"
261,3618006A,3618005A,0.00557297109021247,0.006530825496342737,0.00017415534656913968,0.03125,4.785,0.0001377592448827991,1.0255165672295816,"('3618006A', '3618005A')"
262,3618005A,3618033A,0.006530825496342737,0.008359456635318705,0.00017415534656913968,0.02666666666666667,3.19,0.00011956119403962881,1.018808777429467,"('3618005A', '3618033A')"
263,3618033A,3618005A,0.008359456635318705,0.006530825496342737,0.00017415534656913968,0.020833333333333332,3.19,0.00011956119403962881,1.0146068165143733,"('3618033A', '3618005A')"
264,3618035A,3618025A,0.0072274468826192964,0.007924068268895855,0.00017415534656913968,0.024096385542168676,3.0409108963325835,0.00011688456406144585,1.0165716337491562,"('3618035A', '3618025A')"
265,3618025A,3618035A,0.007924068268895855,0.0072274468826192964,0.00017415534656913968,0.02197802197802198,3.0409108963325835,0.00011688456406144585,1.015082048693052,"('3618025A', '3618035A')"
266,3621002A,3621001A,0.004266805990943922,0.0041797283176593526,0.00017415534656913968,0.04081632653061225,9.76530612244898,0.0001563212567428328,1.0381956023922276,"('3621002A', '3621001A')"
267,3621001A,3621002A,0.0041797283176593526,0.004266805990943922,0.00017415534656913968,0.041666666666666664,9.76530612244898,0.0001563212567428328,1.0390259415746672,"('3621001A', '3621002A')"
268,3624015A,3621001A,0.003221873911529084,0.0041797283176593526,0.00017415534656913968,0.05405405405405406,12.932432432432432,0.00016068878894519366,1.052724287207046,"('3624015A', '3621001A')"
269,3621001A,3624015A,0.0041797283176593526,0.003221873911529084,0.00017415534656913968,0.041666666666666664,12.932432432432432,0.00016068878894519366,1.0401163054836218,"('3621001A', '3624015A')"
270,3621002A,3621007A,0.004266805990943922,0.00513758272378962,0.00017415534656913968,0.04081632653061225,7.944655828433069,0.00015223427782430415,1.0371969882241343,"('3621002A', '3621007A')"
271,3621007A,3621002A,0.00513758272378962,0.004266805990943922,0.00017415534656913968,0.03389830508474576,7.944655828433069,0.00015223427782430415,1.0306712008163914,"('3621007A', '3621002A')"
272,3621002A,3621023A,0.004266805990943922,0.00522466039707419,0.00034831069313827936,0.0816326530612245,15.624489795918368,0.00032601808085539575,1.0831998142342971,"('3621002A', '3621023A')"
273,3621023A,3621002A,0.00522466039707419,0.004266805990943922,0.00034831069313827936,0.06666666666666667,15.624489795918368,0.00032601808085539575,1.0668569935811316,"('3621023A', '3621002A')"
274,3621003A,3622022A,0.004876349703935911,0.006095437129919889,0.00017415534656913968,0.03571428571428572,5.8591836734693885,0.00014443186352529488,1.0307158429763794,"('3621003A', '3622022A')"
275,3622022A,3621003A,0.006095437129919889,0.004876349703935911,0.00017415534656913968,0.028571428571428574,5.8591836734693885,0.00014443186352529488,1.0243919929518306,"('3622022A', '3621003A')"
276,3621003A,3622077A,0.004876349703935911,0.01088470916057123,0.00017415534656913968,0.03571428571428572,3.2811428571428576,0.00012107769827655967,1.0257491905001483,"('3621003A', '3622077A')"
277,3622077A,3621003A,0.01088470916057123,0.004876349703935911,0.00017415534656913968,0.016,3.281142857142857,0.00012107769827655967,1.0113045226586017,"('3622077A', '3621003A')"
278,3621012A,3621009A,0.0033089515848136537,0.002612330198537095,0.00017415534656913968,0.052631578947368425,20.147368421052633,0.0001655112724186338,1.0527980959015442,"('3621012A', '3621009A')"
279,3621009A,3621012A,0.002612330198537095,0.0033089515848136537,0.00017415534656913968,0.06666666666666667,20.147368421052633,0.0001655112724186338,1.0678832661591282,"('3621009A', '3621012A')"
280,3621013A,3621009A,0.0019157088122605363,0.002612330198537095,0.00017415534656913968,0.09090909090909091,34.8,0.00016915088258726786,1.0971264367816091,"('3621013A', '3621009A')"
281,3621009A,3621013A,0.002612330198537095,0.0019157088122605363,0.00017415534656913968,0.06666666666666667,34.800000000000004,0.00016915088258726786,1.069376026272578,"('3621009A', '3621013A')"
282,3621014A,3621009A,0.002786485545106235,0.002612330198537095,0.00026123301985370953,0.09375,35.8875,0.0002539537995164414,1.1005657046085107,"('3621014A', '3621009A')"
283,3621009A,3621014A,0.002612330198537095,0.002786485545106235,0.00026123301985370953,0.1,35.8875,0.0002539537995164414,1.1080150160609932,"('3621009A', '3621014A')"
284,3621012A,3621015A,0.0033089515848136537,0.0022640195053988156,0.00017415534656913968,0.052631578947368425,23.246963562753038,0.00016666381563870125,1.0531657571887458,"('3621012A', '3621015A')"
285,3621015A,3621012A,0.0022640195053988156,0.0033089515848136537,0.00017415534656913968,0.07692307692307693,23.246963562753038,0.00016666381563870125,1.0797486357831185,"('3621015A', '3621012A')"
286,3621013A,3621024A,0.0019157088122605363,0.0025252525252525255,0.00017415534656913968,0.09090909090909091,36.0,0.00016931769805333025,1.0972222222222223,"('3621013A', '3621024A')"
287,3621024A,3621013A,0.0025252525252525255,0.0019157088122605363,0.00017415534656913968,0.06896551724137931,36.0,0.00016931769805333025,1.0720164609053497,"('3621024A', '3621013A')"
288,3621015A,3621014A,0.0022640195053988156,0.002786485545106235,0.00017415534656913968,0.07692307692307693,27.60576923076923,0.0001678466889435073,1.0803146406594681,"('3621015A', '3621014A')"
289,3621014A,3621015A,0.002786485545106235,0.0022640195053988156,0.00017415534656913968,0.0625,27.605769230769234,0.0001678466889435073,1.0642517125275746,"('3621014A', '3621015A')"
290,3621014A,3621016A,0.002786485545106235,0.0028735632183908046,0.00017415534656913968,0.0625,21.75,0.00016614820419814474,1.0636015325670498,"('3621014A', '3621016A')"
291,3621016A,3621014A,0.0028735632183908046,0.002786485545106235,0.00017415534656913968,0.06060606060606061,21.75,0.00016614820419814474,1.0615498702261772,"('3621016A', '3621014A')"
292,3621017A,3621014A,0.0024381748519679554,0.002786485545106235,0.00017415534656913968,0.07142857142857144,25.633928571428573,0.00016736140758768944,1.0739222463360394,"('3621017A', '3621014A')"
293,3621014A,3621017A,0.002786485545106235,0.0024381748519679554,0.00017415534656913968,0.0625,25.633928571428573,0.00016736140758768944,1.0640659468245675,"('3621014A', '3621017A')"
294,3621015A,3621016A,0.0022640195053988156,0.0028735632183908046,0.00017415534656913968,0.07692307692307693,26.76923076923077,0.0001676495433927063,1.08022030651341,"('3621015A', '3621016A')"
295,3621016A,3621015A,0.0028735632183908046,0.0022640195053988156,0.00017415534656913968,0.06060606060606061,26.76923076923077,0.0001676495433927063,1.0621060437523173,"('3621016A', '3621015A')"
296,3621017A,3621016A,0.0024381748519679554,0.0028735632183908046,0.00017415534656913968,0.07142857142857144,24.85714285714286,0.00016714909699451911,1.0738284703801944,"('3621017A', '3621016A')"
297,3621016A,3621017A,0.0028735632183908046,0.0024381748519679554,0.00017415534656913968,0.06060606060606061,24.857142857142858,0.00016714909699451911,1.0619206525769374,"('3621016A', '3621017A')"
298,3622047A,3622002A,0.005050505050505051,0.004005572971090212,0.00017415534656913968,0.034482758620689655,8.608695652173914,0.00015392518004848205,1.0315656565656566,"('3622047A', '3622002A')"
299,3622002A,3622047A,0.004005572971090212,0.005050505050505051,0.00017415534656913968,0.04347826086956522,8.608695652173914,0.00015392518004848205,1.0401744719926538,"('3622002A', '3622047A')"
300,3622009A,3622010A,0.004528039010797631,0.005834204110066179,0.0004353883664228492,0.09615384615384616,16.48105625717566,0.00040897086261551367,1.0999281146016289,"('3622009A', '3622010A')"
301,3622010A,3622009A,0.005834204110066179,0.004528039010797631,0.0004353883664228492,0.07462686567164178,16.48105625717566,0.00040897086261551367,1.0757519578431702,"('3622010A', '3622009A')"
302,3622021A,3622009A,0.005834204110066179,0.004528039010797631,0.00017415534656913968,0.029850746268656716,6.5924225028702645,0.00014773784276180413,1.0261018674811777,"('3622021A', '3622009A')"
303,3622009A,3622021A,0.004528039010797631,0.005834204110066179,0.00017415534656913968,0.038461538461538464,6.5924225028702645,0.00014773784276180413,1.033932427725531,"('3622009A', '3622021A')"
304,3622021A,3622010A,0.005834204110066179,0.005834204110066179,0.00017415534656913968,0.029850746268656716,5.11650701715304,0.00014011740897122658,1.024755512686547,"('3622021A', '3622010A')"
305,3622010A,3622021A,0.005834204110066179,0.005834204110066179,0.00017415534656913968,0.029850746268656716,5.11650701715304,0.00014011740897122658,1.024755512686547,"('3622010A', '3622021A')"
306,3622022A,3622010A,0.006095437129919889,0.005834204110066179,0.00017415534656913968,0.028571428571428574,4.897228144989339,0.00013859332221311107,1.0234059663572848,"('3622022A', '3622010A')"
307,3622010A,3622022A,0.005834204110066179,0.006095437129919889,0.00017415534656913968,0.029850746268656716,4.897228144989339,0.00013859332221311107,1.024486241727621,"('3622010A', '3622022A')"
308,3622030A,3622021A,0.002612330198537095,0.005834204110066179,0.00017415534656913968,0.06666666666666667,11.42686567164179,0.00015891447898798457,1.0651776384535006,"('3622030A', '3622021A')"
309,3622021A,3622030A,0.005834204110066179,0.002612330198537095,0.00017415534656913968,0.029850746268656716,11.42686567164179,0.00015891447898798457,1.0280765211799694,"('3622021A', '3622030A')"
310,3622021A,3622036A,0.005834204110066179,0.002786485545106235,0.00017415534656913968,0.029850746268656716,10.712686567164178,0.00015789842114924087,1.027897007207352,"('3622021A', '3622036A')"
311,3622036A,3622021A,0.002786485545106235,0.005834204110066179,0.00017415534656913968,0.0625,10.712686567164178,0.00015789842114924087,1.0604435156159293,"('3622036A', '3622021A')"
312,3622021A,3622067A,0.005834204110066179,0.006356670149773598,0.00017415534656913968,0.029850746268656716,4.695972193825393,0.00013706923545499556,1.0242169707686948,"('3622021A', '3622067A')"
313,3622067A,3622021A,0.006356670149773598,0.005834204110066179,0.00017415534656913968,0.027397260273972605,4.695972193825393,0.00013706923545499556,1.0221704661966926,"('3622067A', '3622021A')"
314,3622021A,3622077A,0.005834204110066179,0.01088470916057123,0.00017415534656913968,0.029850746268656716,2.74244776119403,0.00011065173164766003,1.0195496074806418,"('3622021A', '3622077A')"
315,3622077A,3622021A,0.01088470916057123,0.005834204110066179,0.00017415534656913968,0.016,2.74244776119403,0.00011065173164766003,1.010331093384079,"('3622077A', '3622021A')"
316,3622021A,3622078A,0.005834204110066179,0.011494252873563218,0.00017415534656913968,0.029850746268656716,2.5970149253731343,0.00010709552921205716,1.018921308576481,"('3622021A', '3622078A')"
317,3622078A,3622021A,0.011494252873563218,0.005834204110066179,0.00017415534656913968,0.015151515151515152,2.5970149253731343,0.00010709552921205716,1.0094606542882405,"('3622078A', '3622021A')"
318,3622022A,3622067A,0.006095437129919889,0.006356670149773598,0.00026123301985370953,0.04285714285714286,6.742074363992172,0.00022248633660012612,1.0381348222315798,"('3622022A', '3622067A')"
319,3622067A,3622022A,0.006356670149773598,0.006095437129919889,0.00026123301985370953,0.04109589041095891,6.742074363992173,0.00022248633660012612,1.0365004727073692,"('3622067A', '3622022A')"
320,3622077A,3622022A,0.01088470916057123,0.006095437129919889,0.00017415534656913968,0.016,2.6249142857142855,0.00010780828620341467,1.0100656126728456,"('3622077A', '3622022A')"
321,3622022A,3622077A,0.006095437129919889,0.01088470916057123,0.00017415534656913968,0.028571428571428574,2.624914285714286,0.00010780828620341467,1.0182069170405883,"('3622022A', '3622077A')"
322,3622022A,3622080A,0.006095437129919889,0.002176941832114246,0.00017415534656913968,0.028571428571428574,13.12457142857143,0.00016088593449599468,1.0271707951728235,"('3622022A', '3622080A')"
323,3622080A,3622022A,0.002176941832114246,0.006095437129919889,0.00017415534656913968,0.08,13.124571428571429,0.00016088593449599468,1.080331046597913,"('3622080A', '3622022A')"
324,3622036A,3622039A,0.002786485545106235,0.003134796238244514,0.00017415534656913968,0.0625,19.9375,0.00016542028216441794,1.0633228840125393,"('3622036A', '3622039A')"
325,3622039A,3622036A,0.003134796238244514,0.002786485545106235,0.00017415534656913968,0.05555555555555556,19.9375,0.00016542028216441794,1.0558731329522406,"('3622039A', '3622036A')"
326,3622060A,3622078A,0.0073145245559038665,0.011494252873563218,0.00034831069313827936,0.047619047619047616,4.142857142857142,0.0002642356982428326,1.0379310344827586,"('3622060A', '3622078A')"
327,3622078A,3622060A,0.011494252873563218,0.0073145245559038665,0.00034831069313827936,0.030303030303030304,4.142857142857143,0.0002642356982428326,1.0237068965517242,"('3622078A', '3622060A')"
328,3622087A,3622067A,0.004615116684082201,0.006356670149773598,0.00017415534656913968,0.03773584905660377,5.936417678986818,0.00014481857210571223,1.0326097349423922,"('3622087A', '3622067A')"
329,3622067A,3622087A,0.006356670149773598,0.004615116684082201,0.00017415534656913968,0.027397260273972605,5.936417678986818,0.00014481857210571223,1.0234238941135492,"('3622067A', '3622087A')"
330,3622077A,3622078A,0.01088470916057123,0.011494252873563218,0.00034831069313827936,0.032,2.7840000000000003,0.00022319909359148362,1.0211836230645008,"('3622077A', '3622078A')"
331,3622078A,3622077A,0.011494252873563218,0.01088470916057123,0.00034831069313827936,0.030303030303030304,2.7840000000000003,0.00022319909359148362,1.0200251436781609,"('3622078A', '3622077A')"
332,3622078A,3622085A,0.011494252873563218,0.0038314176245210726,0.00017415534656913968,0.015151515151515152,3.954545454545455,0.00013011606352866757,1.011494252873563,"('3622078A', '3622085A')"
333,3622085A,3622078A,0.0038314176245210726,0.011494252873563218,0.00017415534656913968,0.045454545454545456,3.9545454545454546,0.00013011606352866757,1.0355774493705527,"('3622085A', '3622078A')"
334,3917002A,3917006A,0.002612330198537095,0.0028735632183908046,0.0006966213862765587,0.26666666666666666,92.8,0.000689114690303751,1.3597178683385578,"('3917002A', '3917006A')"
335,3917006A,3917002A,0.0028735632183908046,0.002612330198537095,0.0006966213862765587,0.24242424242424243,92.8,0.000689114690303751,1.316551724137931,"('3917006A', '3917002A')"
336,3917004A,3917006A,0.0016544757924068269,0.0028735632183908046,0.0009578544061302681,0.5789473684210527,201.47368421052633,0.00095310016534749,2.3681752873563218,"('3917004A', '3917006A')"
337,3917006A,3917004A,0.0028735632183908046,0.0016544757924068269,0.0009578544061302681,0.3333333333333333,201.4736842105263,0.00095310016534749,1.4975182863113896,"('3917006A', '3917004A')"
338,"1113094A,1113133A",1113031A,0.00017415534656913968,0.003221873911529084,0.00017415534656913968,1.0,310.3783783783784,0.00017359424000147527,inf,"('1113094A,1113133A', '1113031A')"
339,"1113094A,1113031A",1113133A,0.0004353883664228492,0.0012190874259839777,0.00017415534656913968,0.4,328.11428571428576,0.00017362457008621388,1.6646348542900267,"('1113094A,1113031A', '1113133A')"
340,"1113133A,1113031A",1113094A,0.00017415534656913968,0.002002786485545106,0.00017415534656913968,1.0,499.304347826087,0.0001738065505946456,inf,"('1113133A,1113031A', '1113094A')"
341,1113094A,"1113133A,1113031A",0.002002786485545106,0.00017415534656913968,0.00017415534656913968,0.08695652173913045,499.304347826087,0.0001738065505946456,1.0950473536680434,"('1113094A', '1113133A,1113031A')"
342,1113133A,"1113094A,1113031A",0.0012190874259839777,0.0004353883664228492,0.00017415534656913968,0.14285714285714288,328.11428571428576,0.00017362457008621388,1.1661587135725067,"('1113133A', '1113094A,1113031A')"
343,1113031A,"1113094A,1113133A",0.003221873911529084,0.00017415534656913968,0.00017415534656913968,0.05405405405405406,310.3783783783784,0.00017359424000147527,1.0569587500621984,"('1113031A', '1113094A,1113133A')"
344,"1113094A,1113135A",1113031A,0.00017415534656913968,0.003221873911529084,0.00017415534656913968,1.0,310.3783783783784,0.00017359424000147527,inf,"('1113094A,1113135A', '1113031A')"
345,"1113031A,1113135A",1113094A,0.00026123301985370953,0.002002786485545106,0.00017415534656913968,0.6666666666666666,332.8695652173913,0.00017363215260739854,2.9939916405433644,"('1113031A,1113135A', '1113094A')"
346,"1113094A,1113031A",1113135A,0.0004353883664228492,0.0020898641588296763,0.00017415534656913968,0.4,191.4,0.00017324544402698116,1.6631835597352838,"('1113094A,1113031A', '1113135A')"
347,1113135A,"1113094A,1113031A",0.0020898641588296763,0.0004353883664228492,0.00017415534656913968,0.08333333333333333,191.39999999999998,0.00017324544402698116,1.090434121782084,"('1113135A', '1113094A,1113031A')"
348,1113094A,"1113031A,1113135A",0.002002786485545106,0.00026123301985370953,0.00017415534656913968,0.08695652173913045,332.8695652173913,0.00017363215260739854,1.0949519828830174,"('1113094A', '1113031A,1113135A')"
349,1113031A,"1113094A,1113135A",0.003221873911529084,0.00017415534656913968,0.00017415534656913968,0.05405405405405406,310.3783783783784,0.00017359424000147527,1.0569587500621984,"('1113031A', '1113094A,1113135A')"
350,"1113133A,1113135A",1113031A,0.00017415534656913968,0.003221873911529084,0.00017415534656913968,1.0,310.3783783783784,0.00017359424000147527,inf,"('1113133A,1113135A', '1113031A')"
351,"1113031A,1113135A",1113133A,0.00026123301985370953,0.0012190874259839777,0.00017415534656913968,0.6666666666666666,546.8571428571429,0.0001738368806793842,2.9963427377220477,"('1113031A,1113135A', '1113133A')"
352,"1113133A,1113031A",1113135A,0.00017415534656913968,0.0020898641588296763,0.00017415534656913968,1.0,478.49999999999994,0.00017379138555227627,inf,"('1113133A,1113031A', '1113135A')"
353,1113135A,"1113133A,1113031A",0.0020898641588296763,0.00017415534656913968,0.00017415534656913968,0.08333333333333333,478.49999999999994,0.00017379138555227627,1.0907191032582881,"('1113135A', '1113133A,1113031A')"
354,1113133A,"1113031A,1113135A",0.0012190874259839777,0.00026123301985370953,0.00017415534656913968,0.14285714285714288,546.8571428571429,0.0001738368806793842,1.1663618948101708,"('1113133A', '1113031A,1113135A')"
355,1113031A,"1113133A,1113135A",0.003221873911529084,0.00017415534656913968,0.00017415534656913968,0.05405405405405406,310.3783783783784,0.00017359424000147527,1.0569587500621984,"('1113031A', '1113133A,1113135A')"
356,"1113094A,1113133A",1113135A,0.00017415534656913968,0.0020898641588296763,0.00017415534656913968,1.0,478.49999999999994,0.00017379138555227627,inf,"('1113094A,1113133A', '1113135A')"
357,"1113094A,1113135A",1113133A,0.00017415534656913968,0.0012190874259839777,0.00017415534656913968,1.0,820.2857142857143,0.00017394303597596935,inf,"('1113094A,1113135A', '1113133A')"
358,"1113133A,1113135A",1113094A,0.00017415534656913968,0.002002786485545106,0.00017415534656913968,1.0,499.304347826087,0.0001738065505946456,inf,"('1113133A,1113135A', '1113094A')"
359,1113094A,"1113133A,1113135A",0.002002786485545106,0.00017415534656913968,0.00017415534656913968,0.08695652173913045,499.304347826087,0.0001738065505946456,1.0950473536680434,"('1113094A', '1113133A,1113135A')"
360,1113133A,"1113094A,1113135A",0.0012190874259839777,0.00017415534656913968,0.00017415534656913968,0.14285714285714288,820.2857142857143,0.00017394303597596935,1.1664634854290028,"('1113133A', '1113094A,1113135A')"
361,1113135A,"1113094A,1113133A",0.0020898641588296763,0.00017415534656913968,0.00017415534656913968,0.08333333333333333,478.49999999999994,0.00017379138555227627,1.0907191032582881,"('1113135A', '1113094A,1113133A')"
362,"1141070A,1141072A",1141069A,0.0004353883664228492,0.0019157088122605363,0.00026123301985370953,0.6000000000000001,313.20000000000005,0.00026039894252339755,2.495210727969349,"('1141070A,1141072A', '1141069A')"
363,"1141070A,1141069A",1141072A,0.0005224660397074191,0.0024381748519679554,0.00026123301985370953,0.5,205.07142857142858,0.0002599591562946876,1.995123650296064,"('1141070A,1141069A', '1141072A')"
364,"1141072A,1141069A",1141070A,0.0004353883664228492,0.002612330198537095,0.00026123301985370953,0.6000000000000001,229.68000000000004,0.0002600956416760114,2.493469174503658,"('1141072A,1141069A', '1141070A')"
365,1141070A,"1141072A,1141069A",0.002612330198537095,0.0004353883664228492,0.00026123301985370953,0.1,229.68,0.0002600956416760114,1.1106273462595302,"('1141070A', '1141072A,1141069A')"
366,1141072A,"1141070A,1141069A",0.0024381748519679554,0.0005224660397074191,0.00026123301985370953,0.10714285714285715,205.07142857142856,0.0002599591562946876,1.1194148380355278,"('1141072A', '1141070A,1141069A')"
367,1141069A,"1141070A,1141072A",0.0019157088122605363,0.0004353883664228492,0.00026123301985370953,0.13636363636363638,313.20000000000005,0.00026039894252339755,1.1573906029441419,"('1141069A', '1141070A,1141072A')"
368,"1141070A,1141069A",1141075A,0.0005224660397074191,0.0019157088122605363,0.00026123301985370953,0.5,261.0,0.0002602321270573352,1.996168582375479,"('1141070A,1141069A', '1141075A')"
369,"1141070A,1141075A",1141069A,0.00026123301985370953,0.0019157088122605363,0.00026123301985370953,1.0,522.0,0.00026073257345552234,inf,"('1141070A,1141075A', '1141069A')"
370,"1141069A,1141075A",1141070A,0.00034831069313827936,0.002612330198537095,0.00026123301985370953,0.75,287.1,0.000260323117311551,3.9895506792058515,"('1141069A,1141075A', '1141070A')"
371,1141070A,"1141069A,1141075A",0.002612330198537095,0.00034831069313827936,0.00026123301985370953,0.1,287.1,0.000260323117311551,1.1107240992298464,"('1141070A', '1141069A,1141075A')"
372,1141069A,"1141070A,1141075A",0.0019157088122605363,0.00026123301985370953,0.00026123301985370953,0.13636363636363638,522.0,0.00026073257345552234,1.1575922565033272,"('1141069A', '1141070A,1141075A')"
373,1141075A,"1141070A,1141069A",0.0019157088122605363,0.0005224660397074191,0.00026123301985370953,0.13636363636363638,261.0,0.0002602321270573352,1.1572897761645493,"('1141075A', '1141070A,1141069A')"
374,"3239055A,3259029A",3239048A,0.00026123301985370953,0.0028735632183908046,0.00017415534656913968,0.6666666666666666,232.0,0.0001734046769718589,2.9913793103448274,"('3239055A,3259029A', '3239048A')"
375,"3239055A,3239048A",3259029A,0.0012190874259839777,0.003570184604667363,0.00017415534656913968,0.14285714285714288,40.013937282229975,0.00016980297940914811,1.1625014512945548,"('3239055A,3239048A', '3259029A')"
376,"3259029A,3239048A",3239055A,0.00026123301985370953,0.0033960292580982234,0.00017415534656913968,0.6666666666666666,196.30769230769232,0.00017326819159053513,2.989811912225705,"('3259029A,3239048A', '3239055A')"
377,3239055A,"3259029A,3239048A",0.0033960292580982234,0.00026123301985370953,0.00017415534656913968,0.05128205128205129,196.30769230769232,0.00017326819159053513,1.0537787003304244,"('3239055A', '3259029A,3239048A')"
378,3259029A,"3239055A,3239048A",0.003570184604667363,0.0012190874259839777,0.00017415534656913968,0.04878048780487805,40.01393728222997,0.00016980297940914811,1.0500004465521708,"('3259029A', '3239055A,3239048A')"
379,3239048A,"3239055A,3259029A",0.0028735632183908046,0.00026123301985370953,0.00017415534656913968,0.06060606060606061,231.99999999999997,0.0001734046769718589,1.064238042269188,"('3239048A', '3239055A,3259029A')"
380,"3259027A,3259026A",3259028A,0.0004353883664228492,0.004266805990943922,0.00026123301985370953,0.6000000000000001,140.62040816326532,0.0002593753021634692,2.489332985022641,"('3259027A,3259026A', '3259028A')"
381,"3259027A,3259028A",3259026A,0.0006966213862765587,0.002176941832114246,0.00026123301985370953,0.375,172.26,0.00025971651561677866,1.596516893068617,"('3259027A,3259028A', '3259026A')"
382,"3259026A,3259028A",3259027A,0.00034831069313827936,0.0040926506443747825,0.00026123301985370953,0.75,183.25531914893617,0.00025980750587099454,3.9836293974225008,"('3259026A,3259028A', '3259027A')"
383,3259027A,"3259026A,3259028A",0.0040926506443747825,0.00034831069313827936,0.00026123301985370953,0.06382978723404256,183.2553191489362,0.00025980750587099454,1.0678097590323297,"('3259027A', '3259026A,3259028A')"
384,3259026A,"3259027A,3259028A",0.002176941832114246,0.0006966213862765587,0.00026123301985370953,0.12000000000000001,172.26000000000002,0.00025971651561677866,1.1355720211519584,"('3259026A', '3259027A,3259028A')"
385,3259028A,"3259027A,3259026A",0.004266805990943922,0.0004353883664228492,0.00026123301985370953,0.06122448979591837,140.62040816326532,0.0002593753021634692,1.0647536080444626,"('3259028A', '3259027A,3259026A')"
386,"3259027A,3259029A",3259028A,0.0006966213862765587,0.004266805990943922,0.00017415534656913968,0.25,58.59183673469388,0.0001711829982647552,1.3276442586787416,"('3259027A,3259029A', '3259028A')"
387,"3259027A,3259028A",3259029A,0.0006966213862765587,0.003570184604667363,0.00017415534656913968,0.25,70.02439024390245,0.00017166827962057307,1.3285730871937769,"('3259027A,3259028A', '3259029A')"
388,"3259029A,3259028A",3259027A,0.0006095437129919888,0.0040926506443747825,0.00017415534656913968,0.28571428571428575,69.8115501519757,0.00017166069709938843,1.3942702890978755,"('3259029A,3259028A', '3259027A')"
389,3259027A,"3259029A,3259028A",0.0040926506443747825,0.0006095437129919888,0.00017415534656913968,0.0425531914893617,69.81155015197568,0.00017166069709938843,1.0438078098997638,"('3259027A', '3259029A,3259028A')"
390,3259029A,"3259027A,3259028A",0.003570184604667363,0.0006966213862765587,0.00017415534656913968,0.04878048780487805,70.02439024390243,0.00017166827962057307,1.0505497057221196,"('3259029A', '3259027A,3259028A')"
391,3259028A,"3259027A,3259029A",0.004266805990943922,0.0006966213862765587,0.00017415534656913968,0.04081632653061225,58.59183673469388,0.0001711829982647552,1.0418269266398394,"('3259028A', '3259027A,3259029A')"
392,"3614078A,3614077A",3614082A,0.00026123301985370953,0.002786485545106235,0.00017415534656913968,0.6666666666666666,239.24999999999997,0.00017342742453541288,2.991640543364681,"('3614078A,3614077A', '3614082A')"
393,"3614078A,3614082A",3614077A,0.00026123301985370953,0.0019157088122605363,0.00017415534656913968,0.6666666666666666,348.0,0.0001736549001709525,2.994252873563218,"('3614078A,3614082A', '3614077A')"
394,"3614077A,3614082A",3614078A,0.0004353883664228492,0.003744339951236503,0.00017415534656913968,0.4,106.82790697674419,0.00017252510451443902,1.6604261000812726,"('3614077A,3614082A', '3614078A')"
395,3614078A,"3614077A,3614082A",0.003744339951236503,0.0004353883664228492,0.00017415534656913968,0.046511627906976744,106.82790697674419,0.00017252510451443902,1.0483238609815564,"('3614078A', '3614077A,3614082A')"
396,3614077A,"3614078A,3614082A",0.0019157088122605363,0.00026123301985370953,0.00017415534656913968,0.09090909090909091,348.0,0.0001736549001709525,1.099712643678161,"('3614077A', '3614078A,3614082A')"
397,3614082A,"3614078A,3614077A",0.002786485545106235,0.00026123301985370953,0.00017415534656913968,0.0625,239.24999999999997,0.00017342742453541288,1.066388018112156,"('3614082A', '3614078A,3614077A')"
398,"3614109A,3614110A",3614106A,0.0005224660397074191,0.004528039010797631,0.00017415534656913968,0.3333333333333333,73.61538461538461,0.00017178959995952755,1.4932079414838033,"('3614109A,3614110A', '3614106A')"
399,"3614109A,3614106A",3614110A,0.00034831069313827936,0.005660048763497039,0.00017415534656913968,0.5,88.33846153846154,0.00017218389106112957,1.988679902473006,"('3614109A,3614106A', '3614110A')"
400,"3614110A,3614106A",3614109A,0.0006966213862765587,0.004702194357366771,0.00017415534656913968,0.25,53.166666666666664,0.00017087969741736903,1.3270637408568444,"('3614110A,3614106A', '3614109A')"
401,3614109A,"3614110A,3614106A",0.004702194357366771,0.0006966213862765587,0.00017415534656913968,0.037037037037037035,53.166666666666664,0.00017087969741736903,1.0377381239450205,"('3614109A', '3614110A,3614106A')"
402,3614110A,"3614109A,3614106A",0.005660048763497039,0.00034831069313827936,0.00017415534656913968,0.03076923076923077,88.33846153846154,0.00017218389106112957,1.0313866635705717,"('3614110A', '3614109A,3614106A')"
403,3614106A,"3614109A,3614110A",0.004528039010797631,0.0005224660397074191,0.00017415534656913968,0.038461538461538464,73.61538461538461,0.00017178959995952755,1.0394566353187042,"('3614106A', '3614109A,3614110A')"
404,"3614109A,3614111A",3614110A,0.0005224660397074191,0.005660048763497039,0.00017415534656913968,0.3333333333333333,58.89230769230769,0.0001711981633071245,1.4915099268547543,"('3614109A,3614111A', '3614110A')"
405,"3614109A,3614110A",3614111A,0.0005224660397074191,0.0036572622779519333,0.00017415534656913968,0.3333333333333333,91.14285714285714,0.0001722445512306068,1.494514106583072,"('3614109A,3614110A', '3614111A')"
406,"3614111A,3614110A",3614109A,0.00034831069313827936,0.004702194357366771,0.00017415534656913968,0.5,106.33333333333333,0.00017251752199325435,1.9905956112852665,"('3614111A,3614110A', '3614109A')"
407,3614109A,"3614111A,3614110A",0.004702194357366771,0.00034831069313827936,0.00017415534656913968,0.037037037037037035,106.33333333333333,0.00017251752199325435,1.0380998312032794,"('3614109A', '3614111A,3614110A')"
408,3614111A,"3614109A,3614110A",0.0036572622779519333,0.0005224660397074191,0.00017415534656913968,0.047619047619047616,91.14285714285712,0.0001722445512306068,1.0494514106583073,"('3614111A', '3614109A,3614110A')"
409,3614110A,"3614109A,3614111A",0.005660048763497039,0.0005224660397074191,0.00017415534656913968,0.03076923076923077,58.89230769230769,0.0001711981633071245,1.0312069794828416,"('3614110A', '3614109A,3614111A')"
410,"3617013A,3617012A",3617014A,0.0005224660397074191,0.002786485545106235,0.00017415534656913968,0.3333333333333333,119.62499999999999,0.00017269950250168605,1.4958202716823406,"('3617013A,3617012A', '3617014A')"
411,"3617013A,3617014A",3617012A,0.0005224660397074191,0.0028735632183908046,0.00017415534656913968,0.3333333333333333,116.0,0.00017265400737457814,1.4956896551724137,"('3617013A,3617014A', '3617012A')"
412,"3617012A,3617014A",3617013A,0.00017415534656913968,0.003744339951236503,0.00017415534656913968,1.0,267.06976744186045,0.00017350324974725942,inf,"('3617012A,3617014A', '3617013A')"
413,3617013A,"3617012A,3617014A",0.003744339951236503,0.00017415534656913968,0.00017415534656913968,0.046511627906976744,267.06976744186045,0.00017350324974725942,1.0485978370755493,"('3617013A', '3617012A,3617014A')"
414,3617012A,"3617013A,3617014A",0.0028735632183908046,0.0005224660397074191,0.00017415534656913968,0.06060606060606061,115.99999999999999,0.00017265400737457814,1.0639599555061179,"('3617012A', '3617013A,3617014A')"
415,3617014A,"3617013A,3617012A",0.002786485545106235,0.0005224660397074191,0.00017415534656913968,0.0625,119.62499999999999,0.00017269950250168605,1.0661093695576453,"('3617014A', '3617013A,3617012A')"
416,"3617013A,3617016A",3617012A,0.0005224660397074191,0.0028735632183908046,0.00017415534656913968,0.3333333333333333,116.0,0.00017265400737457814,1.4956896551724137,"('3617013A,3617016A', '3617012A')"
417,"3617016A,3617012A",3617013A,0.0005224660397074191,0.003744339951236503,0.00017415534656913968,0.3333333333333333,89.02325581395348,0.00017219905610349888,1.4943834900731452,"('3617016A,3617012A', '3617013A')"
418,"3617013A,3617012A",3617016A,0.0005224660397074191,0.0036572622779519333,0.00017415534656913968,0.3333333333333333,91.14285714285714,0.0001722445512306068,1.494514106583072,"('3617013A,3617012A', '3617016A')"
419,3617016A,"3617013A,3617012A",0.0036572622779519333,0.0005224660397074191,0.00017415534656913968,0.047619047619047616,91.14285714285712,0.0001722445512306068,1.0494514106583073,"('3617016A', '3617013A,3617012A')"
420,3617013A,"3617016A,3617012A",0.003744339951236503,0.0005224660397074191,0.00017415534656913968,0.046511627906976744,89.02325581395348,0.00017219905610349888,1.0482325356168922,"('3617013A', '3617016A,3617012A')"
421,3617012A,"3617013A,3617016A",0.0028735632183908046,0.0005224660397074191,0.00017415534656913968,0.06060606060606061,115.99999999999999,0.00017265400737457814,1.0639599555061179,"('3617012A', '3617013A,3617016A')"
422,"1113094A,1113133A,1113135A",1113031A,0.00017415534656913968,0.003221873911529084,0.00017415534656913968,1.0,310.3783783783784,0.00017359424000147527,inf,"('1113094A,1113133A,1113135A', '1113031A')"
423,"1113094A,1113031A,1113135A",1113133A,0.00017415534656913968,0.0012190874259839777,0.00017415534656913968,1.0,820.2857142857143,0.00017394303597596935,inf,"('1113094A,1113031A,1113135A', '1113133A')"
424,"1113031A,1113133A,1113135A",1113094A,0.00017415534656913968,0.002002786485545106,0.00017415534656913968,1.0,499.304347826087,0.0001738065505946456,inf,"('1113031A,1113133A,1113135A', '1113094A')"
425,"1113094A,1113133A,1113031A",1113135A,0.00017415534656913968,0.0020898641588296763,0.00017415534656913968,1.0,478.49999999999994,0.00017379138555227627,inf,"('1113094A,1113133A,1113031A', '1113135A')"
426,"1113094A,1113135A","1113133A,1113031A",0.00017415534656913968,0.00017415534656913968,0.00017415534656913968,1.0,5742.0,0.00017412501648440107,inf,"('1113094A,1113135A', '1113133A,1113031A')"
427,"1113133A,1113135A","1113094A,1113031A",0.00017415534656913968,0.0004353883664228492,0.00017415534656913968,1.0,2296.8,0.00017407952135729314,inf,"('1113133A,1113135A', '1113094A,1113031A')"
428,"1113031A,1113135A","1113094A,1113133A",0.00026123301985370953,0.00017415534656913968,0.00017415534656913968,0.6666666666666666,3827.9999999999995,0.00017410985144203174,2.999477533960292,"('1113031A,1113135A', '1113094A,1113133A')"
429,"1113094A,1113133A","1113031A,1113135A",0.00017415534656913968,0.00026123301985370953,0.00017415534656913968,1.0,3827.9999999999995,0.00017410985144203174,inf,"('1113094A,1113133A', '1113031A,1113135A')"
430,"1113094A,1113031A","1113133A,1113135A",0.0004353883664228492,0.00017415534656913968,0.00017415534656913968,0.4,2296.8,0.00017407952135729314,1.6663764077557182,"('1113094A,1113031A', '1113133A,1113135A')"
431,"1113133A,1113031A","1113094A,1113135A",0.00017415534656913968,0.00017415534656913968,0.00017415534656913968,1.0,5742.0,0.00017412501648440107,inf,"('1113133A,1113031A', '1113094A,1113135A')"
432,1113135A,"1113094A,1113133A,1113031A",0.0020898641588296763,0.00017415534656913968,0.00017415534656913968,0.08333333333333333,478.49999999999994,0.00017379138555227627,1.0907191032582881,"('1113135A', '1113094A,1113133A,1113031A')"
433,1113094A,"1113031A,1113133A,1113135A",0.002002786485545106,0.00017415534656913968,0.00017415534656913968,0.08695652173913045,499.304347826087,0.0001738065505946456,1.0950473536680434,"('1113094A', '1113031A,1113133A,1113135A')"
434,1113133A,"1113094A,1113031A,1113135A",0.0012190874259839777,0.00017415534656913968,0.00017415534656913968,0.14285714285714288,820.2857142857143,0.00017394303597596935,1.1664634854290028,"('1113133A', '1113094A,1113031A,1113135A')"
435,1113031A,"1113094A,1113133A,1113135A",0.003221873911529084,0.00017415534656913968,0.00017415534656913968,0.05405405405405406,310.3783783783784,0.00017359424000147527,1.0569587500621984,"('1113031A', '1113094A,1113133A,1113135A')"
