,LHS,RHS,antecedent support,consequent support,support,confidence,lift,leverage,conviction
0,ปังพี่บัฟไส้สตรอเบอร์รี่20฿,ปังพี่บัฟไส้สังขยาใบเตย20฿,0.18947368421052632,0.2631578947368421,0.10175438596491228,0.537037037037037,2.0407407407407407,0.051892890120036936,1.591578947368421
1,ปังพี่บัฟไส้สังขยาใบเตย20฿,ปังพี่บัฟไส้สตรอเบอร์รี่20฿,0.2631578947368421,0.18947368421052632,0.10175438596491228,0.38666666666666666,2.0407407407407407,0.051892890120036936,1.3215102974828377
2,ปังพี่บัฟไส้สตรอเบอร์รี่20฿,ปังพี่บั๊ฟไส้มัลเบอร์รี่20฿,0.18947368421052632,0.23157894736842105,0.10175438596491228,0.537037037037037,2.3190235690235688,0.05787626962142197,1.6597894736842103
3,ปังพี่บั๊ฟไส้มัลเบอร์รี่20฿,ปังพี่บัฟไส้สตรอเบอร์รี่20฿,0.23157894736842105,0.18947368421052632,0.10175438596491228,0.4393939393939394,2.3190235690235688,0.05787626962142197,1.4458036984352776
4,ปังพี่บัฟไส้สตรอเบอร์รี่20฿,ปังพี่บั๊ฟไส้สังขยาชาไทย20฿,0.18947368421052632,0.22456140350877193,0.0912280701754386,0.4814814814814815,2.1440972222222223,0.04867959372114497,1.4954887218045112
5,ปังพี่บั๊ฟไส้สังขยาชาไทย20฿,ปังพี่บัฟไส้สตรอเบอร์รี่20฿,0.22456140350877193,0.18947368421052632,0.0912280701754386,0.40625,2.1440972222222223,0.04867959372114497,1.3650969529085872
6,ปังพี่บั๊ฟไส้หมูซีอิ๋ว20฿,ปังพี่บัฟไส้สตรอเบอร์รี่20฿,0.21052631578947367,0.18947368421052632,0.06666666666666667,0.3166666666666667,1.6712962962962965,0.02677746999076639,1.1861360718870346
7,ปังพี่บัฟไส้สตรอเบอร์รี่20฿,ปังพี่บั๊ฟไส้หมูซีอิ๋ว20฿,0.18947368421052632,0.21052631578947367,0.06666666666666667,0.35185185185185186,1.6712962962962965,0.02677746999076639,1.218045112781955
8,ปังพี่บัฟไส้สตรอเบอร์รี่20฿,ปังพี่บั๊ฟไส้หมูหยองมายองเนส20฿,0.18947368421052632,0.16842105263157894,0.056140350877192984,0.2962962962962963,1.7592592592592593,0.02422899353647276,1.1817174515235458
9,ปังพี่บั๊ฟไส้หมูหยองมายองเนส20฿,ปังพี่บัฟไส้สตรอเบอร์รี่20฿,0.16842105263157894,0.18947368421052632,0.056140350877192984,0.33333333333333337,1.7592592592592593,0.02422899353647276,1.2157894736842105
10,ปังพี่บัฟไส้สตรอเบอร์รี่20฿,ปังพี่บั๊ฟไส้หมูแดง20฿,0.18947368421052632,0.2,0.06666666666666667,0.35185185185185186,1.7592592592592593,0.0287719298245614,1.2342857142857144
11,ปังพี่บั๊ฟไส้หมูแดง20฿,ปังพี่บัฟไส้สตรอเบอร์รี่20฿,0.2,0.18947368421052632,0.06666666666666667,0.3333333333333333,1.759259259259259,0.0287719298245614,1.2157894736842103
12,ปังพี่บัฟไส้สังขยาใบเตย20฿,ปังพี่บั๊ฟไส้นูเทลล่า30฿,0.2631578947368421,0.12631578947368421,0.06666666666666667,0.25333333333333335,2.0055555555555555,0.033425669436749766,1.1701127819548873
13,ปังพี่บั๊ฟไส้นูเทลล่า30฿,ปังพี่บัฟไส้สังขยาใบเตย20฿,0.12631578947368421,0.2631578947368421,0.06666666666666667,0.5277777777777778,2.0055555555555555,0.033425669436749766,1.560371517027864
14,ปังพี่บัฟไส้สังขยาใบเตย20฿,ปังพี่บั๊ฟไส้มอสซ่าเรล่าชีส30฿,0.2631578947368421,0.1649122807017544,0.07368421052631578,0.27999999999999997,1.6978723404255316,0.030286241920590942,1.1598440545808966
15,ปังพี่บั๊ฟไส้มอสซ่าเรล่าชีส30฿,ปังพี่บัฟไส้สังขยาใบเตย20฿,0.1649122807017544,0.2631578947368421,0.07368421052631578,0.4468085106382978,1.6978723404255318,0.030286241920590942,1.331983805668016
16,ปังพี่บัฟไส้สังขยาใบเตย20฿,ปังพี่บั๊ฟไส้มัลเบอร์รี่20฿,0.2631578947368421,0.23157894736842105,0.12280701754385964,0.4666666666666667,2.015151515151515,0.061865189289012,1.4407894736842104
17,ปังพี่บั๊ฟไส้มัลเบอร์รี่20฿,ปังพี่บัฟไส้สังขยาใบเตย20฿,0.23157894736842105,0.2631578947368421,0.12280701754385964,0.5303030303030303,2.015151515151515,0.061865189289012,1.568760611205433
18,ปังพี่บัฟไส้สังขยาใบเตย20฿,ปังพี่บั๊ฟไส้สังขยาชาไทย20฿,0.2631578947368421,0.22456140350877193,0.14385964912280702,0.5466666666666667,2.434375,0.0847645429362881,1.710526315789474
19,ปังพี่บั๊ฟไส้สังขยาชาไทย20฿,ปังพี่บัฟไส้สังขยาใบเตย20฿,0.22456140350877193,0.2631578947368421,0.14385964912280702,0.640625,2.434375,0.0847645429362881,2.0503432494279177
20,ปังพี่บัฟไส้สังขยาใบเตย20฿,ปังพี่บั๊ฟไส้สังขยามันม่วง20฿,0.2631578947368421,0.11578947368421053,0.08771929824561403,0.3333333333333333,2.8787878787878785,0.05724838411819021,1.3263157894736841
21,ปังพี่บั๊ฟไส้สังขยามันม่วง20฿,ปังพี่บัฟไส้สังขยาใบเตย20฿,0.11578947368421053,0.2631578947368421,0.08771929824561403,0.7575757575757576,2.878787878787879,0.05724838411819021,3.0394736842105265
22,ปังพี่บั๊ฟไส้หมูซีอิ๋ว20฿,ปังพี่บัฟไส้สังขยาใบเตย20฿,0.21052631578947367,0.2631578947368421,0.09473684210526316,0.45000000000000007,1.7100000000000004,0.039335180055401674,1.3397129186602874
23,ปังพี่บัฟไส้สังขยาใบเตย20฿,ปังพี่บั๊ฟไส้หมูซีอิ๋ว20฿,0.2631578947368421,0.21052631578947367,0.09473684210526316,0.36000000000000004,1.7100000000000002,0.039335180055401674,1.2335526315789476
24,ปังพี่บัฟไส้สังขยาใบเตย20฿,ปังพี่บั๊ฟไส้หมูหยองมายองเนส20฿,0.2631578947368421,0.16842105263157894,0.07719298245614035,0.2933333333333334,1.7416666666666671,0.032871652816251165,1.1767626613704074
25,ปังพี่บั๊ฟไส้หมูหยองมายองเนส20฿,ปังพี่บัฟไส้สังขยาใบเตย20฿,0.16842105263157894,0.2631578947368421,0.07719298245614035,0.45833333333333337,1.741666666666667,0.032871652816251165,1.3603238866396763
26,ปังพี่บัฟไส้สังขยาใบเตย20฿,ปังพี่บั๊ฟไส้หมูแดง20฿,0.2631578947368421,0.2,0.11228070175438597,0.4266666666666667,2.1333333333333333,0.05964912280701755,1.3953488372093026
27,ปังพี่บั๊ฟไส้หมูแดง20฿,ปังพี่บัฟไส้สังขยาใบเตย20฿,0.2,0.2631578947368421,0.11228070175438597,0.5614035087719298,2.1333333333333333,0.05964912280701755,1.68
28,ปังพี่บัฟไส้สังขยาใบเตย20฿,ปังพี่บั๊ฟไส้แฮมมายองเนส20฿,0.2631578947368421,0.17894736842105263,0.08421052631578947,0.32,1.7882352941176471,0.037119113573407206,1.2074303405572757
29,ปังพี่บั๊ฟไส้แฮมมายองเนส20฿,ปังพี่บัฟไส้สังขยาใบเตย20฿,0.17894736842105263,0.2631578947368421,0.08421052631578947,0.47058823529411764,1.7882352941176471,0.037119113573407206,1.391812865497076
30,ปังพี่บั๊ฟไส้มอสซ่าเรล่าชีส30฿,ปังพี่บั๊ฟไส้นูเทลล่า30฿,0.1649122807017544,0.12631578947368421,0.09824561403508772,0.5957446808510638,4.716312056737588,0.07741458910433979,2.161218836565097
31,ปังพี่บั๊ฟไส้นูเทลล่า30฿,ปังพี่บั๊ฟไส้มอสซ่าเรล่าชีส30฿,0.12631578947368421,0.1649122807017544,0.09824561403508772,0.7777777777777778,4.716312056737588,0.07741458910433979,3.757894736842105
32,ปังพี่บั๊ฟไส้สังขยามันม่วง20฿,ปังพี่บั๊ฟไส้มอสซ่าเรล่าชีส30฿,0.11578947368421053,0.1649122807017544,0.05263157894736842,0.45454545454545453,2.7562862669245645,0.03353647276084949,1.5309941520467836
33,ปังพี่บั๊ฟไส้มอสซ่าเรล่าชีส30฿,ปังพี่บั๊ฟไส้สังขยามันม่วง20฿,0.1649122807017544,0.11578947368421053,0.05263157894736842,0.3191489361702127,2.7562862669245645,0.03353647276084949,1.2986842105263157
34,ปังพี่บั๊ฟไส้สังขยาชาไทย20฿,ปังพี่บั๊ฟไส้มัลเบอร์รี่20฿,0.22456140350877193,0.23157894736842105,0.10526315789473684,0.46874999999999994,2.024147727272727,0.05325946445060018,1.4464396284829721
35,ปังพี่บั๊ฟไส้มัลเบอร์รี่20฿,ปังพี่บั๊ฟไส้สังขยาชาไทย20฿,0.23157894736842105,0.22456140350877193,0.10526315789473684,0.45454545454545453,2.024147727272727,0.05325946445060018,1.421637426900585
36,ปังพี่บั๊ฟไส้สังขยามันม่วง20฿,ปังพี่บั๊ฟไส้มัลเบอร์รี่20฿,0.11578947368421053,0.23157894736842105,0.07017543859649122,0.6060606060606061,2.6170798898071626,0.043361034164358256,1.9506072874493927
37,ปังพี่บั๊ฟไส้มัลเบอร์รี่20฿,ปังพี่บั๊ฟไส้สังขยามันม่วง20฿,0.23157894736842105,0.11578947368421053,0.07017543859649122,0.30303030303030304,2.6170798898071626,0.043361034164358256,1.268649885583524
38,ปังพี่บั๊ฟไส้หมูซีอิ๋ว20฿,ปังพี่บั๊ฟไส้มัลเบอร์รี่20฿,0.21052631578947367,0.23157894736842105,0.10877192982456141,0.5166666666666667,2.2310606060606064,0.0600184672206833,1.58983666061706
39,ปังพี่บั๊ฟไส้มัลเบอร์รี่20฿,ปังพี่บั๊ฟไส้หมูซีอิ๋ว20฿,0.23157894736842105,0.21052631578947367,0.10877192982456141,0.4696969696969697,2.2310606060606064,0.0600184672206833,1.4887218045112782
40,ปังพี่บั๊ฟไส้หมูแดง20฿,ปังพี่บั๊ฟไส้มัลเบอร์รี่20฿,0.2,0.23157894736842105,0.07368421052631578,0.36842105263157887,1.5909090909090906,0.02736842105263157,1.2166666666666663
41,ปังพี่บั๊ฟไส้มัลเบอร์รี่20฿,ปังพี่บั๊ฟไส้หมูแดง20฿,0.23157894736842105,0.2,0.07368421052631578,0.3181818181818182,1.5909090909090908,0.02736842105263157,1.1733333333333333
42,ปังพี่บั๊ฟไส้แฮมมายองเนส20฿,ปังพี่บั๊ฟไส้มัลเบอร์รี่20฿,0.17894736842105263,0.23157894736842105,0.056140350877192984,0.3137254901960784,1.3547237076648841,0.014699907663896582,1.1196992481203007
43,ปังพี่บั๊ฟไส้มัลเบอร์รี่20฿,ปังพี่บั๊ฟไส้แฮมมายองเนส20฿,0.23157894736842105,0.17894736842105263,0.056140350877192984,0.24242424242424243,1.3547237076648841,0.014699907663896582,1.0837894736842106
44,ปังพี่บั๊ฟไส้สังขยามันม่วง20฿,ปังพี่บั๊ฟไส้สังขยาชาไทย20฿,0.11578947368421053,0.22456140350877193,0.06315789473684211,0.5454545454545455,2.428977272727273,0.037156048014773776,1.705964912280702
45,ปังพี่บั๊ฟไส้สังขยาชาไทย20฿,ปังพี่บั๊ฟไส้สังขยามันม่วง20฿,0.22456140350877193,0.11578947368421053,0.06315789473684211,0.28125,2.428977272727273,0.037156048014773776,1.2302059496567506
46,ปังพี่บั๊ฟไส้หมูซีอิ๋ว20฿,ปังพี่บั๊ฟไส้สังขยาชาไทย20฿,0.21052631578947367,0.22456140350877193,0.07017543859649122,0.3333333333333333,1.484375,0.022899353647276084,1.163157894736842
47,ปังพี่บั๊ฟไส้สังขยาชาไทย20฿,ปังพี่บั๊ฟไส้หมูซีอิ๋ว20฿,0.22456140350877193,0.21052631578947367,0.07017543859649122,0.3125,1.484375,0.022899353647276084,1.1483253588516746
48,ปังพี่บั๊ฟไส้หมูหยองมายองเนส20฿,ปังพี่บั๊ฟไส้สังขยาชาไทย20฿,0.16842105263157894,0.22456140350877193,0.07368421052631578,0.43749999999999994,1.9482421874999998,0.035863342566943665,1.3785575048732943
49,ปังพี่บั๊ฟไส้สังขยาชาไทย20฿,ปังพี่บั๊ฟไส้หมูหยองมายองเนส20฿,0.22456140350877193,0.16842105263157894,0.07368421052631578,0.32812499999999994,1.9482421874999998,0.035863342566943665,1.2376988984088129
50,ปังพี่บั๊ฟไส้หมูแดง20฿,ปังพี่บั๊ฟไส้สังขยาชาไทย20฿,0.2,0.22456140350877193,0.07368421052631578,0.36842105263157887,1.6406249999999996,0.028771929824561393,1.2277777777777776
51,ปังพี่บั๊ฟไส้สังขยาชาไทย20฿,ปังพี่บั๊ฟไส้หมูแดง20฿,0.22456140350877193,0.2,0.07368421052631578,0.32812499999999994,1.6406249999999996,0.028771929824561393,1.1906976744186046
52,ปังพี่บั๊ฟไส้แฮมมายองเนส20฿,ปังพี่บั๊ฟไส้สังขยาชาไทย20฿,0.17894736842105263,0.22456140350877193,0.08070175438596491,0.45098039215686275,2.0082720588235294,0.04051708217913204,1.4124060150375939
53,ปังพี่บั๊ฟไส้สังขยาชาไทย20฿,ปังพี่บั๊ฟไส้แฮมมายองเนส20฿,0.22456140350877193,0.17894736842105263,0.08070175438596491,0.359375,2.0082720588235294,0.04051708217913204,1.281643132220796
54,ปังพี่บั๊ฟไส้หมูซีอิ๋ว20฿,ปังพี่บั๊ฟไส้หมูหยองมายองเนส20฿,0.21052631578947367,0.16842105263157894,0.0912280701754386,0.4333333333333334,2.572916666666667,0.05577100646352725,1.4674922600619196
55,ปังพี่บั๊ฟไส้หมูหยองมายองเนส20฿,ปังพี่บั๊ฟไส้หมูซีอิ๋ว20฿,0.16842105263157894,0.21052631578947367,0.0912280701754386,0.5416666666666667,2.572916666666667,0.05577100646352725,1.7224880382775123
56,ปังพี่บั๊ฟไส้หมูซีอิ๋ว20฿,ปังพี่บั๊ฟไส้หมูแดง20฿,0.21052631578947367,0.2,0.12982456140350876,0.6166666666666666,3.0833333333333326,0.08771929824561403,2.08695652173913
57,ปังพี่บั๊ฟไส้หมูแดง20฿,ปังพี่บั๊ฟไส้หมูซีอิ๋ว20฿,0.2,0.21052631578947367,0.12982456140350876,0.6491228070175438,3.083333333333333,0.08771929824561403,2.2499999999999996
58,ปังพี่บั๊ฟไส้หมูซีอิ๋ว20฿,ปังพี่บั๊ฟไส้แฮมมายองเนส20฿,0.21052631578947367,0.17894736842105263,0.0912280701754386,0.4333333333333334,2.4215686274509807,0.05355493998153279,1.4489164086687307
59,ปังพี่บั๊ฟไส้แฮมมายองเนส20฿,ปังพี่บั๊ฟไส้หมูซีอิ๋ว20฿,0.17894736842105263,0.21052631578947367,0.0912280701754386,0.5098039215686275,2.4215686274509807,0.05355493998153279,1.610526315789474
60,ปังพี่บั๊ฟไส้หมูหยองมายองเนส20฿,ปังพี่บั๊ฟไส้หมูแดง20฿,0.16842105263157894,0.2,0.09824561403508772,0.5833333333333334,2.9166666666666665,0.06456140350877193,1.9200000000000004
61,ปังพี่บั๊ฟไส้หมูแดง20฿,ปังพี่บั๊ฟไส้หมูหยองมายองเนส20฿,0.2,0.16842105263157894,0.09824561403508772,0.49122807017543857,2.9166666666666665,0.06456140350877193,1.6344827586206896
62,ปังพี่บั๊ฟไส้หมูหยองมายองเนส20฿,ปังพี่บั๊ฟไส้แฮมมายองเนส20฿,0.16842105263157894,0.17894736842105263,0.08771929824561403,0.5208333333333334,2.9105392156862746,0.05758079409048938,1.7135011441647598
63,ปังพี่บั๊ฟไส้แฮมมายองเนส20฿,ปังพี่บั๊ฟไส้หมูหยองมายองเนส20฿,0.17894736842105263,0.16842105263157894,0.08771929824561403,0.49019607843137253,2.9105392156862746,0.05758079409048938,1.631174089068826
64,ปังพี่บั๊ฟไส้หมูแดง20฿,ปังพี่บั๊ฟไส้แฮมมายองเนส20฿,0.2,0.17894736842105263,0.10526315789473684,0.5263157894736842,2.941176470588235,0.0694736842105263,1.7333333333333332
65,ปังพี่บั๊ฟไส้แฮมมายองเนส20฿,ปังพี่บั๊ฟไส้หมูแดง20฿,0.17894736842105263,0.2,0.10526315789473684,0.588235294117647,2.9411764705882346,0.0694736842105263,1.9428571428571426
66,"ปังพี่บัฟไส้สตรอเบอร์รี่20฿,ปังพี่บัฟไส้สังขยาใบเตย20฿",ปังพี่บั๊ฟไส้มัลเบอร์รี่20฿,0.10175438596491228,0.23157894736842105,0.056140350877192984,0.5517241379310345,2.3824451410658307,0.03257617728531856,1.7141700404858298
67,"ปังพี่บัฟไส้สตรอเบอร์รี่20฿,ปังพี่บั๊ฟไส้มัลเบอร์รี่20฿",ปังพี่บัฟไส้สังขยาใบเตย20฿,0.10175438596491228,0.2631578947368421,0.056140350877192984,0.5517241379310345,2.0965517241379312,0.029362880886426596,1.6437246963562755
68,"ปังพี่บัฟไส้สังขยาใบเตย20฿,ปังพี่บั๊ฟไส้มัลเบอร์รี่20฿",ปังพี่บัฟไส้สตรอเบอร์รี่20฿,0.12280701754385964,0.18947368421052632,0.056140350877192984,0.4571428571428572,2.412698412698413,0.03287165281625115,1.4930747922437673
69,ปังพี่บัฟไส้สตรอเบอร์รี่20฿,"ปังพี่บัฟไส้สังขยาใบเตย20฿,ปังพี่บั๊ฟไส้มัลเบอร์รี่20฿",0.18947368421052632,0.12280701754385964,0.056140350877192984,0.2962962962962963,2.4126984126984126,0.03287165281625115,1.2465373961218837
70,ปังพี่บัฟไส้สังขยาใบเตย20฿,"ปังพี่บัฟไส้สตรอเบอร์รี่20฿,ปังพี่บั๊ฟไส้มัลเบอร์รี่20฿",0.2631578947368421,0.10175438596491228,0.056140350877192984,0.21333333333333335,2.0965517241379312,0.029362880886426596,1.1418376449598573
71,ปังพี่บั๊ฟไส้มัลเบอร์รี่20฿,"ปังพี่บัฟไส้สตรอเบอร์รี่20฿,ปังพี่บัฟไส้สังขยาใบเตย20฿",0.23157894736842105,0.10175438596491228,0.056140350877192984,0.24242424242424243,2.3824451410658307,0.03257617728531856,1.185684210526316
72,"ปังพี่บัฟไส้สตรอเบอร์รี่20฿,ปังพี่บัฟไส้สังขยาใบเตย20฿",ปังพี่บั๊ฟไส้สังขยาชาไทย20฿,0.10175438596491228,0.22456140350877193,0.06315789473684211,0.6206896551724138,2.7640086206896552,0.040307787011388124,2.0443381180223286
73,"ปังพี่บัฟไส้สตรอเบอร์รี่20฿,ปังพี่บั๊ฟไส้สังขยาชาไทย20฿",ปังพี่บัฟไส้สังขยาใบเตย20฿,0.0912280701754386,0.2631578947368421,0.06315789473684211,0.6923076923076923,2.6307692307692307,0.03915050784856879,2.3947368421052633
74,"ปังพี่บัฟไส้สังขยาใบเตย20฿,ปังพี่บั๊ฟไส้สังขยาชาไทย20฿",ปังพี่บัฟไส้สตรอเบอร์รี่20฿,0.14385964912280702,0.18947368421052632,0.06315789473684211,0.43902439024390244,2.317073170731707,0.03590027700831025,1.4448512585812354
75,ปังพี่บัฟไส้สตรอเบอร์รี่20฿,"ปังพี่บัฟไส้สังขยาใบเตย20฿,ปังพี่บั๊ฟไส้สังขยาชาไทย20฿",0.18947368421052632,0.14385964912280702,0.06315789473684211,0.3333333333333333,2.317073170731707,0.03590027700831025,1.2842105263157892
76,ปังพี่บัฟไส้สังขยาใบเตย20฿,"ปังพี่บัฟไส้สตรอเบอร์รี่20฿,ปังพี่บั๊ฟไส้สังขยาชาไทย20฿",0.2631578947368421,0.0912280701754386,0.06315789473684211,0.24000000000000002,2.6307692307692307,0.03915050784856879,1.1957525392428439
77,ปังพี่บั๊ฟไส้สังขยาชาไทย20฿,"ปังพี่บัฟไส้สตรอเบอร์รี่20฿,ปังพี่บัฟไส้สังขยาใบเตย20฿",0.22456140350877193,0.10175438596491228,0.06315789473684211,0.28125,2.7640086206896552,0.040307787011388124,1.2497330282227308
78,"ปังพี่บัฟไส้สังขยาใบเตย20฿,ปังพี่บั๊ฟไส้สังขยาชาไทย20฿",ปังพี่บั๊ฟไส้มัลเบอร์รี่20฿,0.14385964912280702,0.23157894736842105,0.06666666666666667,0.46341463414634143,2.0011086474501107,0.03335180055401662,1.4320574162679425
79,"ปังพี่บั๊ฟไส้มัลเบอร์รี่20฿,ปังพี่บั๊ฟไส้สังขยาชาไทย20฿",ปังพี่บัฟไส้สังขยาใบเตย20฿,0.10526315789473684,0.2631578947368421,0.06666666666666667,0.6333333333333334,2.406666666666667,0.03896583564173592,2.0095693779904313
80,"ปังพี่บัฟไส้สังขยาใบเตย20฿,ปังพี่บั๊ฟไส้มัลเบอร์รี่20฿",ปังพี่บั๊ฟไส้สังขยาชาไทย20฿,0.12280701754385964,0.22456140350877193,0.06666666666666667,0.5428571428571429,2.4174107142857144,0.03908895044629117,1.6962719298245617
81,ปังพี่บั๊ฟไส้สังขยาชาไทย20฿,"ปังพี่บัฟไส้สังขยาใบเตย20฿,ปังพี่บั๊ฟไส้มัลเบอร์รี่20฿",0.22456140350877193,0.12280701754385964,0.06666666666666667,0.296875,2.4174107142857144,0.03908895044629117,1.2475633528265109
82,ปังพี่บัฟไส้สังขยาใบเตย20฿,"ปังพี่บั๊ฟไส้มัลเบอร์รี่20฿,ปังพี่บั๊ฟไส้สังขยาชาไทย20฿",0.2631578947368421,0.10526315789473684,0.06666666666666667,0.25333333333333335,2.406666666666667,0.03896583564173592,1.1983082706766919
83,ปังพี่บั๊ฟไส้มัลเบอร์รี่20฿,"ปังพี่บัฟไส้สังขยาใบเตย20฿,ปังพี่บั๊ฟไส้สังขยาชาไทย20฿",0.23157894736842105,0.14385964912280702,0.06666666666666667,0.2878787878787879,2.001108647450111,0.03335180055401662,1.2022396416573347
84,"ปังพี่บัฟไส้สังขยาใบเตย20฿,ปังพี่บั๊ฟไส้สังขยามันม่วง20฿",ปังพี่บั๊ฟไส้มัลเบอร์รี่20฿,0.08771929824561403,0.23157894736842105,0.056140350877192984,0.64,2.7636363636363637,0.0358264081255771,2.134502923976608
85,"ปังพี่บัฟไส้สังขยาใบเตย20฿,ปังพี่บั๊ฟไส้มัลเบอร์รี่20฿",ปังพี่บั๊ฟไส้สังขยามันม่วง20฿,0.12280701754385964,0.11578947368421053,0.056140350877192984,0.4571428571428572,3.9480519480519485,0.04192059095106187,1.628808864265928
86,"ปังพี่บั๊ฟไส้สังขยามันม่วง20฿,ปังพี่บั๊ฟไส้มัลเบอร์รี่20฿",ปังพี่บัฟไส้สังขยาใบเตย20฿,0.07017543859649122,0.2631578947368421,0.056140350877192984,0.8,3.0400000000000005,0.03767313019390582,3.6842105263157907
87,ปังพี่บัฟไส้สังขยาใบเตย20฿,"ปังพี่บั๊ฟไส้สังขยามันม่วง20฿,ปังพี่บั๊ฟไส้มัลเบอร์รี่20฿",0.2631578947368421,0.07017543859649122,0.056140350877192984,0.21333333333333335,3.0400000000000005,0.03767313019390582,1.1819803746654773
88,ปังพี่บั๊ฟไส้สังขยามันม่วง20฿,"ปังพี่บัฟไส้สังขยาใบเตย20฿,ปังพี่บั๊ฟไส้มัลเบอร์รี่20฿",0.11578947368421053,0.12280701754385964,0.056140350877192984,0.48484848484848486,3.9480519480519485,0.04192059095106187,1.7027863777089784
89,ปังพี่บั๊ฟไส้มัลเบอร์รี่20฿,"ปังพี่บัฟไส้สังขยาใบเตย20฿,ปังพี่บั๊ฟไส้สังขยามันม่วง20฿",0.23157894736842105,0.08771929824561403,0.056140350877192984,0.24242424242424243,2.7636363636363637,0.0358264081255771,1.2042105263157894
90,"ปังพี่บัฟไส้สังขยาใบเตย20฿,ปังพี่บั๊ฟไส้สังขยามันม่วง20฿",ปังพี่บั๊ฟไส้สังขยาชาไทย20฿,0.08771929824561403,0.22456140350877193,0.05263157894736842,0.6,2.671875,0.032933210218528776,1.93859649122807
91,"ปังพี่บัฟไส้สังขยาใบเตย20฿,ปังพี่บั๊ฟไส้สังขยาชาไทย20฿",ปังพี่บั๊ฟไส้สังขยามันม่วง20฿,0.14385964912280702,0.11578947368421053,0.05263157894736842,0.36585365853658536,3.1596452328159645,0.03597414589104339,1.394331983805668
92,"ปังพี่บั๊ฟไส้สังขยามันม่วง20฿,ปังพี่บั๊ฟไส้สังขยาชาไทย20฿",ปังพี่บัฟไส้สังขยาใบเตย20฿,0.06315789473684211,0.2631578947368421,0.05263157894736842,0.8333333333333333,3.1666666666666665,0.03601108033240997,4.421052631578946
93,ปังพี่บัฟไส้สังขยาใบเตย20฿,"ปังพี่บั๊ฟไส้สังขยามันม่วง20฿,ปังพี่บั๊ฟไส้สังขยาชาไทย20฿",0.2631578947368421,0.06315789473684211,0.05263157894736842,0.2,3.1666666666666665,0.03601108033240997,1.1710526315789473
94,ปังพี่บั๊ฟไส้สังขยามันม่วง20฿,"ปังพี่บัฟไส้สังขยาใบเตย20฿,ปังพี่บั๊ฟไส้สังขยาชาไทย20฿",0.11578947368421053,0.14385964912280702,0.05263157894736842,0.45454545454545453,3.1596452328159645,0.03597414589104339,1.5695906432748539
95,ปังพี่บั๊ฟไส้สังขยาชาไทย20฿,"ปังพี่บัฟไส้สังขยาใบเตย20฿,ปังพี่บั๊ฟไส้สังขยามันม่วง20฿",0.22456140350877193,0.08771929824561403,0.05263157894736842,0.23437499999999997,2.671875,0.032933210218528776,1.191550304332259
96,"ปังพี่บัฟไส้สังขยาใบเตย20฿,ปังพี่บั๊ฟไส้หมูแดง20฿",ปังพี่บั๊ฟไส้สังขยาชาไทย20฿,0.11228070175438597,0.22456140350877193,0.056140350877192984,0.5,2.2265625,0.03092643890427824,1.550877192982456
97,"ปังพี่บัฟไส้สังขยาใบเตย20฿,ปังพี่บั๊ฟไส้สังขยาชาไทย20฿",ปังพี่บั๊ฟไส้หมูแดง20฿,0.14385964912280702,0.2,0.056140350877192984,0.3902439024390244,1.951219512195122,0.027368421052631577,1.312
98,"ปังพี่บั๊ฟไส้หมูแดง20฿,ปังพี่บั๊ฟไส้สังขยาชาไทย20฿",ปังพี่บัฟไส้สังขยาใบเตย20฿,0.07368421052631578,0.2631578947368421,0.056140350877192984,0.761904761904762,2.8952380952380956,0.03674976915974146,3.0947368421052643
99,ปังพี่บัฟไส้สังขยาใบเตย20฿,"ปังพี่บั๊ฟไส้หมูแดง20฿,ปังพี่บั๊ฟไส้สังขยาชาไทย20฿",0.2631578947368421,0.07368421052631578,0.056140350877192984,0.21333333333333335,2.8952380952380956,0.03674976915974146,1.1775200713648528
100,ปังพี่บั๊ฟไส้หมูแดง20฿,"ปังพี่บัฟไส้สังขยาใบเตย20฿,ปังพี่บั๊ฟไส้สังขยาชาไทย20฿",0.2,0.14385964912280702,0.056140350877192984,0.2807017543859649,1.951219512195122,0.027368421052631577,1.1902439024390243
101,ปังพี่บั๊ฟไส้สังขยาชาไทย20฿,"ปังพี่บัฟไส้สังขยาใบเตย20฿,ปังพี่บั๊ฟไส้หมูแดง20฿",0.22456140350877193,0.11228070175438597,0.056140350877192984,0.25,2.2265625,0.03092643890427824,1.183625730994152
102,"ปังพี่บัฟไส้สังขยาใบเตย20฿,ปังพี่บั๊ฟไส้แฮมมายองเนส20฿",ปังพี่บั๊ฟไส้สังขยาชาไทย20฿,0.08421052631578947,0.22456140350877193,0.056140350877192984,0.6666666666666667,2.9687500000000004,0.037229916897506925,2.326315789473685
103,"ปังพี่บัฟไส้สังขยาใบเตย20฿,ปังพี่บั๊ฟไส้สังขยาชาไทย20฿",ปังพี่บั๊ฟไส้แฮมมายองเนส20฿,0.14385964912280702,0.17894736842105263,0.056140350877192984,0.3902439024390244,2.1807747489239597,0.030397045244690675,1.3465263157894738
104,"ปังพี่บั๊ฟไส้แฮมมายองเนส20฿,ปังพี่บั๊ฟไส้สังขยาชาไทย20฿",ปังพี่บัฟไส้สังขยาใบเตย20฿,0.08070175438596491,0.2631578947368421,0.056140350877192984,0.6956521739130435,2.6434782608695655,0.034903047091412745,2.4210526315789473
105,ปังพี่บัฟไส้สังขยาใบเตย20฿,"ปังพี่บั๊ฟไส้แฮมมายองเนส20฿,ปังพี่บั๊ฟไส้สังขยาชาไทย20฿",0.2631578947368421,0.08070175438596491,0.056140350877192984,0.21333333333333335,2.6434782608695655,0.034903047091412745,1.168599464763604
106,ปังพี่บั๊ฟไส้แฮมมายองเนส20฿,"ปังพี่บัฟไส้สังขยาใบเตย20฿,ปังพี่บั๊ฟไส้สังขยาชาไทย20฿",0.17894736842105263,0.14385964912280702,0.056140350877192984,0.3137254901960784,2.1807747489239597,0.030397045244690675,1.2475187969924812
107,ปังพี่บั๊ฟไส้สังขยาชาไทย20฿,"ปังพี่บัฟไส้สังขยาใบเตย20฿,ปังพี่บั๊ฟไส้แฮมมายองเนส20฿",0.22456140350877193,0.08421052631578947,0.056140350877192984,0.25,2.96875,0.037229916897506925,1.2210526315789474
108,"ปังพี่บั๊ฟไส้หมูซีอิ๋ว20฿,ปังพี่บัฟไส้สังขยาใบเตย20฿",ปังพี่บั๊ฟไส้หมูแดง20฿,0.09473684210526316,0.2,0.07368421052631578,0.7777777777777777,3.8888888888888884,0.05473684210526315,3.5999999999999988
109,"ปังพี่บั๊ฟไส้หมูซีอิ๋ว20฿,ปังพี่บั๊ฟไส้หมูแดง20฿",ปังพี่บัฟไส้สังขยาใบเตย20฿,0.12982456140350876,0.2631578947368421,0.07368421052631578,0.5675675675675675,2.156756756756757,0.039519852262234534,1.7039473684210527
110,"ปังพี่บัฟไส้สังขยาใบเตย20฿,ปังพี่บั๊ฟไส้หมูแดง20฿",ปังพี่บั๊ฟไส้หมูซีอิ๋ว20฿,0.11228070175438597,0.21052631578947367,0.07368421052631578,0.6562499999999999,3.1171874999999996,0.05004616805170821,2.2966507177033484
111,ปังพี่บั๊ฟไส้หมูซีอิ๋ว20฿,"ปังพี่บัฟไส้สังขยาใบเตย20฿,ปังพี่บั๊ฟไส้หมูแดง20฿",0.21052631578947367,0.11228070175438597,0.07368421052631578,0.35,3.1171874999999996,0.05004616805170821,1.3657219973009447
112,ปังพี่บัฟไส้สังขยาใบเตย20฿,"ปังพี่บั๊ฟไส้หมูซีอิ๋ว20฿,ปังพี่บั๊ฟไส้หมูแดง20฿",0.2631578947368421,0.12982456140350876,0.07368421052631578,0.27999999999999997,2.156756756756757,0.039519852262234534,1.2085769980506824
113,ปังพี่บั๊ฟไส้หมูแดง20฿,"ปังพี่บั๊ฟไส้หมูซีอิ๋ว20฿,ปังพี่บัฟไส้สังขยาใบเตย20฿",0.2,0.09473684210526316,0.07368421052631578,0.36842105263157887,3.888888888888888,0.05473684210526315,1.4333333333333331
114,"ปังพี่บัฟไส้สังขยาใบเตย20฿,ปังพี่บั๊ฟไส้หมูหยองมายองเนส20฿",ปังพี่บั๊ฟไส้หมูแดง20฿,0.07719298245614035,0.2,0.05964912280701754,0.7727272727272727,3.8636363636363633,0.04421052631578947,3.52
115,"ปังพี่บัฟไส้สังขยาใบเตย20฿,ปังพี่บั๊ฟไส้หมูแดง20฿",ปังพี่บั๊ฟไส้หมูหยองมายองเนส20฿,0.11228070175438597,0.16842105263157894,0.05964912280701754,0.53125,3.154296875,0.04073868882733148,1.7740350877192983
116,"ปังพี่บั๊ฟไส้หมูหยองมายองเนส20฿,ปังพี่บั๊ฟไส้หมูแดง20฿",ปังพี่บัฟไส้สังขยาใบเตย20฿,0.09824561403508772,0.2631578947368421,0.05964912280701754,0.6071428571428571,2.307142857142857,0.033795013850415515,1.875598086124402
117,ปังพี่บัฟไส้สังขยาใบเตย20฿,"ปังพี่บั๊ฟไส้หมูหยองมายองเนส20฿,ปังพี่บั๊ฟไส้หมูแดง20฿",0.2631578947368421,0.09824561403508772,0.05964912280701754,0.22666666666666668,2.3071428571428574,0.033795013850415515,1.1660617059891107
118,ปังพี่บั๊ฟไส้หมูหยองมายองเนส20฿,"ปังพี่บัฟไส้สังขยาใบเตย20฿,ปังพี่บั๊ฟไส้หมูแดง20฿",0.16842105263157894,0.11228070175438597,0.05964912280701754,0.3541666666666667,3.154296875,0.04073868882733148,1.374533106960951
119,ปังพี่บั๊ฟไส้หมูแดง20฿,"ปังพี่บัฟไส้สังขยาใบเตย20฿,ปังพี่บั๊ฟไส้หมูหยองมายองเนส20฿",0.2,0.07719298245614035,0.05964912280701754,0.2982456140350877,3.8636363636363633,0.04421052631578947,1.315
120,"ปังพี่บัฟไส้สังขยาใบเตย20฿,ปังพี่บั๊ฟไส้หมูแดง20฿",ปังพี่บั๊ฟไส้แฮมมายองเนส20฿,0.11228070175438597,0.17894736842105263,0.06666666666666667,0.59375,3.318014705882353,0.04657433056325023,2.0210526315789474
121,"ปังพี่บัฟไส้สังขยาใบเตย20฿,ปังพี่บั๊ฟไส้แฮมมายองเนส20฿",ปังพี่บั๊ฟไส้หมูแดง20฿,0.08421052631578947,0.2,0.06666666666666667,0.7916666666666666,3.958333333333333,0.04982456140350877,3.8399999999999994
122,"ปังพี่บั๊ฟไส้หมูแดง20฿,ปังพี่บั๊ฟไส้แฮมมายองเนส20฿",ปังพี่บัฟไส้สังขยาใบเตย20฿,0.10526315789473684,0.2631578947368421,0.06666666666666667,0.6333333333333334,2.406666666666667,0.03896583564173592,2.0095693779904313
123,ปังพี่บัฟไส้สังขยาใบเตย20฿,"ปังพี่บั๊ฟไส้หมูแดง20฿,ปังพี่บั๊ฟไส้แฮมมายองเนส20฿",0.2631578947368421,0.10526315789473684,0.06666666666666667,0.25333333333333335,2.406666666666667,0.03896583564173592,1.1983082706766919
124,ปังพี่บั๊ฟไส้หมูแดง20฿,"ปังพี่บัฟไส้สังขยาใบเตย20฿,ปังพี่บั๊ฟไส้แฮมมายองเนส20฿",0.2,0.08421052631578947,0.06666666666666667,0.3333333333333333,3.958333333333333,0.04982456140350877,1.3736842105263156
125,ปังพี่บั๊ฟไส้แฮมมายองเนส20฿,"ปังพี่บัฟไส้สังขยาใบเตย20฿,ปังพี่บั๊ฟไส้หมูแดง20฿",0.17894736842105263,0.11228070175438597,0.06666666666666667,0.37254901960784315,3.318014705882353,0.04657433056325023,1.4148026315789473
126,"ปังพี่บั๊ฟไส้หมูซีอิ๋ว20฿,ปังพี่บั๊ฟไส้หมูแดง20฿",ปังพี่บั๊ฟไส้มัลเบอร์รี่20฿,0.12982456140350876,0.23157894736842105,0.06315789473684211,0.48648648648648657,2.100737100737101,0.0330932594644506,1.4963988919667592
127,"ปังพี่บั๊ฟไส้หมูซีอิ๋ว20฿,ปังพี่บั๊ฟไส้มัลเบอร์รี่20฿",ปังพี่บั๊ฟไส้หมูแดง20฿,0.10877192982456141,0.2,0.06315789473684211,0.5806451612903226,2.903225806451613,0.041403508771929824,1.907692307692308
128,"ปังพี่บั๊ฟไส้หมูแดง20฿,ปังพี่บั๊ฟไส้มัลเบอร์รี่20฿",ปังพี่บั๊ฟไส้หมูซีอิ๋ว20฿,0.07368421052631578,0.21052631578947367,0.06315789473684211,0.8571428571428572,4.071428571428572,0.047645429362880895,5.526315789473687
129,ปังพี่บั๊ฟไส้หมูซีอิ๋ว20฿,"ปังพี่บั๊ฟไส้หมูแดง20฿,ปังพี่บั๊ฟไส้มัลเบอร์รี่20฿",0.21052631578947367,0.07368421052631578,0.06315789473684211,0.30000000000000004,4.071428571428572,0.047645429362880895,1.3233082706766919
130,ปังพี่บั๊ฟไส้หมูแดง20฿,"ปังพี่บั๊ฟไส้หมูซีอิ๋ว20฿,ปังพี่บั๊ฟไส้มัลเบอร์รี่20฿",0.2,0.10877192982456141,0.06315789473684211,0.3157894736842105,2.9032258064516125,0.041403508771929824,1.3025641025641026
131,ปังพี่บั๊ฟไส้มัลเบอร์รี่20฿,"ปังพี่บั๊ฟไส้หมูซีอิ๋ว20฿,ปังพี่บั๊ฟไส้หมูแดง20฿",0.23157894736842105,0.12982456140350876,0.06315789473684211,0.27272727272727276,2.1007371007371014,0.0330932594644506,1.1964912280701754
132,"ปังพี่บั๊ฟไส้หมูแดง20฿,ปังพี่บั๊ฟไส้แฮมมายองเนส20฿",ปังพี่บั๊ฟไส้สังขยาชาไทย20฿,0.10526315789473684,0.22456140350877193,0.056140350877192984,0.5333333333333333,2.375,0.03250230840258542,1.6616541353383458
133,"ปังพี่บั๊ฟไส้หมูแดง20฿,ปังพี่บั๊ฟไส้สังขยาชาไทย20฿",ปังพี่บั๊ฟไส้แฮมมายองเนส20฿,0.07368421052631578,0.17894736842105263,0.056140350877192984,0.761904761904762,4.257703081232493,0.04295475530932595,3.4484210526315797
134,"ปังพี่บั๊ฟไส้แฮมมายองเนส20฿,ปังพี่บั๊ฟไส้สังขยาชาไทย20฿",ปังพี่บั๊ฟไส้หมูแดง20฿,0.08070175438596491,0.2,0.056140350877192984,0.6956521739130435,3.4782608695652173,0.04,2.6285714285714286
135,ปังพี่บั๊ฟไส้หมูแดง20฿,"ปังพี่บั๊ฟไส้แฮมมายองเนส20฿,ปังพี่บั๊ฟไส้สังขยาชาไทย20฿",0.2,0.08070175438596491,0.056140350877192984,0.2807017543859649,3.4782608695652173,0.04,1.278048780487805
136,ปังพี่บั๊ฟไส้แฮมมายองเนส20฿,"ปังพี่บั๊ฟไส้หมูแดง20฿,ปังพี่บั๊ฟไส้สังขยาชาไทย20฿",0.17894736842105263,0.07368421052631578,0.056140350877192984,0.3137254901960784,4.257703081232493,0.04295475530932595,1.3497744360902255
137,ปังพี่บั๊ฟไส้สังขยาชาไทย20฿,"ปังพี่บั๊ฟไส้หมูแดง20฿,ปังพี่บั๊ฟไส้แฮมมายองเนส20฿",0.22456140350877193,0.10526315789473684,0.056140350877192984,0.25,2.375,0.03250230840258542,1.1929824561403508
138,"ปังพี่บั๊ฟไส้หมูซีอิ๋ว20฿,ปังพี่บั๊ฟไส้หมูหยองมายองเนส20฿",ปังพี่บั๊ฟไส้หมูแดง20฿,0.0912280701754386,0.2,0.07017543859649122,0.7692307692307692,3.846153846153846,0.051929824561403506,3.466666666666666
139,"ปังพี่บั๊ฟไส้หมูซีอิ๋ว20฿,ปังพี่บั๊ฟไส้หมูแดง20฿",ปังพี่บั๊ฟไส้หมูหยองมายองเนส20฿,0.12982456140350876,0.16842105263157894,0.07017543859649122,0.5405405405405406,3.2094594594594597,0.04831024930747922,1.8099071207430342
140,"ปังพี่บั๊ฟไส้หมูหยองมายองเนส20฿,ปังพี่บั๊ฟไส้หมูแดง20฿",ปังพี่บั๊ฟไส้หมูซีอิ๋ว20฿,0.09824561403508772,0.21052631578947367,0.07017543859649122,0.7142857142857142,3.392857142857143,0.0494921514312096,2.763157894736841
141,ปังพี่บั๊ฟไส้หมูซีอิ๋ว20฿,"ปังพี่บั๊ฟไส้หมูหยองมายองเนส20฿,ปังพี่บั๊ฟไส้หมูแดง20฿",0.21052631578947367,0.09824561403508772,0.07017543859649122,0.3333333333333333,3.392857142857143,0.0494921514312096,1.3526315789473684
142,ปังพี่บั๊ฟไส้หมูหยองมายองเนส20฿,"ปังพี่บั๊ฟไส้หมูซีอิ๋ว20฿,ปังพี่บั๊ฟไส้หมูแดง20฿",0.16842105263157894,0.12982456140350876,0.07017543859649122,0.41666666666666663,3.2094594594594597,0.04831024930747922,1.4917293233082707
143,ปังพี่บั๊ฟไส้หมูแดง20฿,"ปังพี่บั๊ฟไส้หมูซีอิ๋ว20฿,ปังพี่บั๊ฟไส้หมูหยองมายองเนส20฿",0.2,0.0912280701754386,0.07017543859649122,0.3508771929824561,3.846153846153846,0.051929824561403506,1.4
144,"ปังพี่บั๊ฟไส้หมูซีอิ๋ว20฿,ปังพี่บั๊ฟไส้หมูแดง20฿",ปังพี่บั๊ฟไส้แฮมมายองเนส20฿,0.12982456140350876,0.17894736842105263,0.05964912280701754,0.4594594594594595,2.5675675675675675,0.036417359187442294,1.5189473684210526
145,"ปังพี่บั๊ฟไส้หมูซีอิ๋ว20฿,ปังพี่บั๊ฟไส้แฮมมายองเนส20฿",ปังพี่บั๊ฟไส้หมูแดง20฿,0.0912280701754386,0.2,0.05964912280701754,0.6538461538461537,3.2692307692307687,0.04140350877192982,2.3111111111111104
146,"ปังพี่บั๊ฟไส้หมูแดง20฿,ปังพี่บั๊ฟไส้แฮมมายองเนส20฿",ปังพี่บั๊ฟไส้หมูซีอิ๋ว20฿,0.10526315789473684,0.21052631578947367,0.05964912280701754,0.5666666666666667,2.691666666666667,0.03748845798707295,1.8218623481781375
147,ปังพี่บั๊ฟไส้หมูซีอิ๋ว20฿,"ปังพี่บั๊ฟไส้หมูแดง20฿,ปังพี่บั๊ฟไส้แฮมมายองเนส20฿",0.21052631578947367,0.10526315789473684,0.05964912280701754,0.2833333333333333,2.691666666666667,0.03748845798707295,1.2484700122399022
148,ปังพี่บั๊ฟไส้หมูแดง20฿,"ปังพี่บั๊ฟไส้หมูซีอิ๋ว20฿,ปังพี่บั๊ฟไส้แฮมมายองเนส20฿",0.2,0.0912280701754386,0.05964912280701754,0.2982456140350877,3.2692307692307687,0.04140350877192982,1.295
149,ปังพี่บั๊ฟไส้แฮมมายองเนส20฿,"ปังพี่บั๊ฟไส้หมูซีอิ๋ว20฿,ปังพี่บั๊ฟไส้หมูแดง20฿",0.17894736842105263,0.12982456140350876,0.05964912280701754,0.3333333333333333,2.5675675675675675,0.036417359187442294,1.3052631578947367
150,"ปังพี่บั๊ฟไส้หมูหยองมายองเนส20฿,ปังพี่บั๊ฟไส้หมูแดง20฿",ปังพี่บั๊ฟไส้แฮมมายองเนส20฿,0.09824561403508772,0.17894736842105263,0.06315789473684211,0.6428571428571429,3.592436974789916,0.04557710064635273,2.298947368421053
151,"ปังพี่บั๊ฟไส้หมูหยองมายองเนส20฿,ปังพี่บั๊ฟไส้แฮมมายองเนส20฿",ปังพี่บั๊ฟไส้หมูแดง20฿,0.08771929824561403,0.2,0.06315789473684211,0.7200000000000001,3.6,0.0456140350877193,2.857142857142858
152,"ปังพี่บั๊ฟไส้หมูแดง20฿,ปังพี่บั๊ฟไส้แฮมมายองเนส20฿",ปังพี่บั๊ฟไส้หมูหยองมายองเนส20฿,0.10526315789473684,0.16842105263157894,0.06315789473684211,0.6000000000000001,3.5625000000000004,0.045429362880886434,2.078947368421053
153,ปังพี่บั๊ฟไส้หมูหยองมายองเนส20฿,"ปังพี่บั๊ฟไส้หมูแดง20฿,ปังพี่บั๊ฟไส้แฮมมายองเนส20฿",0.16842105263157894,0.10526315789473684,0.06315789473684211,0.375,3.5625,0.045429362880886434,1.431578947368421
154,ปังพี่บั๊ฟไส้หมูแดง20฿,"ปังพี่บั๊ฟไส้หมูหยองมายองเนส20฿,ปังพี่บั๊ฟไส้แฮมมายองเนส20฿",0.2,0.08771929824561403,0.06315789473684211,0.3157894736842105,3.6,0.0456140350877193,1.3333333333333333
155,ปังพี่บั๊ฟไส้แฮมมายองเนส20฿,"ปังพี่บั๊ฟไส้หมูหยองมายองเนส20฿,ปังพี่บั๊ฟไส้หมูแดง20฿",0.17894736842105263,0.09824561403508772,0.06315789473684211,0.35294117647058826,3.592436974789916,0.04557710064635273,1.3936204146730464
